id,student_id,date,status,remark,created_at
1730,717,2025-11-03,มา,,2025-11-03 09:31:26.117717+00
1731,718,2025-11-03,ลา,,2025-11-03 09:31:26.117717+00
1732,719,2025-11-03,มา,,2025-11-03 09:31:26.117717+00
1733,720,2025-11-03,มา,,2025-11-03 09:31:26.117717+00
1734,721,2025-11-03,มา,,2025-11-03 09:31:26.117717+00
1735,715,2025-11-03,ลา,,2025-11-03 09:31:26.117717+00
1026,758,2025-10-27,มา,,2025-10-27 09:18:00.704628+00
1027,764,2025-10-27,มา,,2025-10-27 09:18:00.704628+00
1028,765,2025-10-27,มา,,2025-10-27 09:18:00.704628+00
1029,766,2025-10-27,มา,,2025-10-27 09:18:00.704628+00
1030,767,2025-10-27,มา,,2025-10-27 09:18:00.704628+00
1031,768,2025-10-27,มา,,2025-10-27 09:18:00.704628+00
1032,769,2025-10-27,มา,,2025-10-27 09:18:00.704628+00
1033,770,2025-10-27,มา,,2025-10-27 09:18:00.704628+00
1034,759,2025-10-27,มา,,2025-10-27 09:18:00.704628+00
875,697,2025-10-24,มา,,2025-10-24 16:20:29.306076+00
876,706,2025-10-24,มา,,2025-10-24 16:20:29.306076+00
877,707,2025-10-24,มา,,2025-10-24 16:20:29.306076+00
878,708,2025-10-24,ลา,,2025-10-24 16:20:29.306076+00
879,709,2025-10-24,มา,,2025-10-24 16:20:29.306076+00
880,710,2025-10-24,มา,,2025-10-24 16:20:29.306076+00
881,711,2025-10-24,มา,,2025-10-24 16:20:29.306076+00
882,712,2025-10-24,มา,,2025-10-24 16:20:29.306076+00
883,713,2025-10-24,ขาด,,2025-10-24 16:20:29.306076+00
884,714,2025-10-24,ลา,,2025-10-24 16:20:29.306076+00
885,698,2025-10-24,มา,,2025-10-24 16:20:29.306076+00
886,699,2025-10-24,ลา,,2025-10-24 16:20:29.306076+00
887,700,2025-10-24,มา,,2025-10-24 16:20:29.306076+00
888,701,2025-10-24,ลา,,2025-10-24 16:20:29.306076+00
889,702,2025-10-24,ขาด,,2025-10-24 16:20:29.306076+00
890,703,2025-10-24,ลา,,2025-10-24 16:20:29.306076+00
891,704,2025-10-24,มา,,2025-10-24 16:20:29.306076+00
892,705,2025-10-24,มา,,2025-10-24 16:20:29.306076+00
1035,771,2025-10-27,มา,,2025-10-27 09:18:00.704628+00
1036,772,2025-10-27,มา,,2025-10-27 09:18:00.704628+00
1037,773,2025-10-27,ขาด,,2025-10-27 09:18:00.704628+00
1038,774,2025-10-27,มา,,2025-10-27 09:18:00.704628+00
1039,775,2025-10-27,มา,,2025-10-27 09:18:00.704628+00
1040,760,2025-10-27,มา,,2025-10-27 09:18:00.704628+00
1041,776,2025-10-27,ขาด,,2025-10-27 09:18:00.704628+00
1042,777,2025-10-27,มา,,2025-10-27 09:18:00.704628+00
1043,778,2025-10-27,ลา,,2025-10-27 09:18:00.704628+00
1044,779,2025-10-27,มา,,2025-10-27 09:18:00.704628+00
1045,780,2025-10-27,มา,,2025-10-27 09:18:00.704628+00
904,717,2025-10-24,มา,,2025-10-24 16:22:57.353452+00
905,718,2025-10-24,มา,,2025-10-24 16:22:57.353452+00
906,719,2025-10-24,มา,,2025-10-24 16:22:57.353452+00
907,720,2025-10-24,ขาด,,2025-10-24 16:22:57.353452+00
908,721,2025-10-24,มา,,2025-10-24 16:22:57.353452+00
909,715,2025-10-24,ขาด,,2025-10-24 16:22:57.353452+00
911,723,2025-10-24,ขาด,,2025-10-24 16:22:57.353452+00
912,724,2025-10-24,ขาด,,2025-10-24 16:22:57.353452+00
913,725,2025-10-24,ขาด,,2025-10-24 16:22:57.353452+00
914,716,2025-10-24,ขาด,,2025-10-24 16:22:57.353452+00
814,749,2025-10-24,มา,,2025-10-24 16:20:03.084679+00
815,742,2025-10-24,มา,,2025-10-24 16:20:03.084679+00
816,738,2025-10-24,มา,,2025-10-24 16:20:03.084679+00
817,741,2025-10-24,มา,,2025-10-24 16:20:03.084679+00
818,739,2025-10-24,มา,,2025-10-24 16:20:03.084679+00
1046,781,2025-10-27,มา,,2025-10-27 09:18:00.704628+00
1047,782,2025-10-27,มา,,2025-10-27 09:18:00.704628+00
1048,783,2025-10-27,มา,,2025-10-27 09:18:00.704628+00
1049,784,2025-10-27,มา,,2025-10-27 09:18:00.704628+00
1821,758,2025-11-05,มา,,2025-11-05 09:14:34.289719+00
976,697,2025-10-27,มา,,2025-10-27 09:13:01.390379+00
1822,764,2025-11-05,ลา,,2025-11-05 09:14:34.289719+00
1823,765,2025-11-05,ขาด,,2025-11-05 09:14:34.289719+00
1824,766,2025-11-05,มา,,2025-11-05 09:14:34.289719+00
1825,767,2025-11-05,มา,,2025-11-05 09:14:34.289719+00
1826,768,2025-11-05,มา,,2025-11-05 09:14:34.289719+00
1827,769,2025-11-05,มา,,2025-11-05 09:14:34.289719+00
1828,770,2025-11-05,มา,,2025-11-05 09:14:34.289719+00
1829,759,2025-11-05,มา,,2025-11-05 09:14:34.289719+00
1830,771,2025-11-05,ลา,,2025-11-05 09:14:34.289719+00
1831,772,2025-11-05,ขาด,,2025-11-05 09:14:34.289719+00
819,733,2025-10-24,มา,,2025-10-24 16:20:03.084679+00
820,755,2025-10-24,มา,,2025-10-24 16:20:03.084679+00
821,754,2025-10-24,มา,,2025-10-24 16:20:03.084679+00
822,743,2025-10-24,มา,,2025-10-24 16:20:03.084679+00
823,728,2025-10-24,มา,,2025-10-24 16:20:03.084679+00
824,745,2025-10-24,มา,,2025-10-24 16:20:03.084679+00
825,747,2025-10-24,มา,,2025-10-24 16:20:03.084679+00
826,735,2025-10-24,มา,,2025-10-24 16:20:03.084679+00
827,729,2025-10-24,มา,,2025-10-24 16:20:03.084679+00
828,734,2025-10-24,มา,,2025-10-24 16:20:03.084679+00
829,746,2025-10-24,มา,,2025-10-24 16:20:03.084679+00
830,750,2025-10-24,มา,,2025-10-24 16:20:03.084679+00
846,758,2025-10-24,มา,,2025-10-24 16:20:10.37856+00
847,764,2025-10-24,ลา,,2025-10-24 16:20:10.37856+00
848,765,2025-10-24,ลา,,2025-10-24 16:20:10.37856+00
849,766,2025-10-24,ลา,,2025-10-24 16:20:10.37856+00
850,767,2025-10-24,มา,,2025-10-24 16:20:10.37856+00
851,768,2025-10-24,ลา,,2025-10-24 16:20:10.37856+00
852,769,2025-10-24,มา,,2025-10-24 16:20:10.37856+00
853,770,2025-10-24,มา,,2025-10-24 16:20:10.37856+00
854,759,2025-10-24,มา,,2025-10-24 16:20:10.37856+00
855,771,2025-10-24,ลา,,2025-10-24 16:20:10.37856+00
856,772,2025-10-24,มา,,2025-10-24 16:20:10.37856+00
857,773,2025-10-24,ขาด,,2025-10-24 16:20:10.37856+00
858,774,2025-10-24,มา,,2025-10-24 16:20:10.37856+00
859,775,2025-10-24,ขาด,,2025-10-24 16:20:10.37856+00
860,760,2025-10-24,ขาด,,2025-10-24 16:20:10.37856+00
861,776,2025-10-24,ขาด,,2025-10-24 16:20:10.37856+00
862,777,2025-10-24,ลา,,2025-10-24 16:20:10.37856+00
863,778,2025-10-24,มา,,2025-10-24 16:20:10.37856+00
864,779,2025-10-24,มา,,2025-10-24 16:20:10.37856+00
865,780,2025-10-24,ลา,,2025-10-24 16:20:10.37856+00
866,781,2025-10-24,มา,,2025-10-24 16:20:10.37856+00
867,782,2025-10-24,มา,,2025-10-24 16:20:10.37856+00
868,783,2025-10-24,ลา,,2025-10-24 16:20:10.37856+00
869,784,2025-10-24,ลา,,2025-10-24 16:20:10.37856+00
871,786,2025-10-24,มา,,2025-10-24 16:20:10.37856+00
872,761,2025-10-24,มา,,2025-10-24 16:20:10.37856+00
873,762,2025-10-24,มา,,2025-10-24 16:20:10.37856+00
874,763,2025-10-24,มา,,2025-10-24 16:20:10.37856+00
831,751,2025-10-24,มา,,2025-10-24 16:20:03.084679+00
832,731,2025-10-24,มา,,2025-10-24 16:20:03.084679+00
833,737,2025-10-24,มา,,2025-10-24 16:20:03.084679+00
834,753,2025-10-24,มา,,2025-10-24 16:20:03.084679+00
835,756,2025-10-24,มา,,2025-10-24 16:20:03.084679+00
836,757,2025-10-24,มา,,2025-10-24 16:20:03.084679+00
837,732,2025-10-24,มา,,2025-10-24 16:20:03.084679+00
838,752,2025-10-24,มา,,2025-10-24 16:20:03.084679+00
839,740,2025-10-24,มา,,2025-10-24 16:20:03.084679+00
840,730,2025-10-24,มา,,2025-10-24 16:20:03.084679+00
841,726,2025-10-24,มา,,2025-10-24 16:20:03.084679+00
842,736,2025-10-24,มา,,2025-10-24 16:20:03.084679+00
843,748,2025-10-24,มา,,2025-10-24 16:20:03.084679+00
844,744,2025-10-24,มา,,2025-10-24 16:20:03.084679+00
845,727,2025-10-24,มา,,2025-10-24 16:20:03.084679+00
971,785,2025-10-24,มา,,2025-10-27 08:45:38.705037+00
994,749,2025-10-27,มา,,2025-10-27 09:16:24.069477+00
995,742,2025-10-27,มา,,2025-10-27 09:16:24.069477+00
996,738,2025-10-27,ลา,,2025-10-27 09:16:24.069477+00
997,741,2025-10-27,มา,,2025-10-27 09:16:24.069477+00
998,739,2025-10-27,มา,,2025-10-27 09:16:24.069477+00
999,733,2025-10-27,มา,,2025-10-27 09:16:24.069477+00
1000,755,2025-10-27,ลา,,2025-10-27 09:16:24.069477+00
1001,754,2025-10-27,มา,,2025-10-27 09:16:24.069477+00
1002,743,2025-10-27,ลา,,2025-10-27 09:16:24.069477+00
1003,728,2025-10-27,มา,,2025-10-27 09:16:24.069477+00
1004,745,2025-10-27,ลา,,2025-10-27 09:16:24.069477+00
1005,747,2025-10-27,มา,,2025-10-27 09:16:24.069477+00
1006,735,2025-10-27,มา,,2025-10-27 09:16:24.069477+00
1007,729,2025-10-27,มา,,2025-10-27 09:16:24.069477+00
1008,734,2025-10-27,มา,,2025-10-27 09:16:24.069477+00
1009,746,2025-10-27,ลา,,2025-10-27 09:16:24.069477+00
1010,750,2025-10-27,มา,,2025-10-27 09:16:24.069477+00
1011,751,2025-10-27,มา,,2025-10-27 09:16:24.069477+00
1012,731,2025-10-27,มา,,2025-10-27 09:16:24.069477+00
1013,737,2025-10-27,มา,,2025-10-27 09:16:24.069477+00
1014,753,2025-10-27,มา,,2025-10-27 09:16:24.069477+00
1015,756,2025-10-27,มา,,2025-10-27 09:16:24.069477+00
1016,757,2025-10-27,มา,,2025-10-27 09:16:24.069477+00
1017,732,2025-10-27,มา,,2025-10-27 09:16:24.069477+00
1018,752,2025-10-27,มา,,2025-10-27 09:16:24.069477+00
1019,740,2025-10-27,มา,,2025-10-27 09:16:24.069477+00
1020,730,2025-10-27,มา,,2025-10-27 09:16:24.069477+00
1021,726,2025-10-27,มา,,2025-10-27 09:16:24.069477+00
1022,736,2025-10-27,มา,,2025-10-27 09:16:24.069477+00
1023,748,2025-10-27,มา,,2025-10-27 09:16:24.069477+00
1024,744,2025-10-27,มา,,2025-10-27 09:16:24.069477+00
1025,727,2025-10-27,มา,,2025-10-27 09:16:24.069477+00
1050,785,2025-10-27,มา,,2025-10-27 09:18:00.704628+00
1051,786,2025-10-27,มา,,2025-10-27 09:18:00.704628+00
1052,761,2025-10-27,มา,,2025-10-27 09:18:00.704628+00
1053,762,2025-10-27,มา,,2025-10-27 09:18:00.704628+00
1054,763,2025-10-27,มา,,2025-10-27 09:18:00.704628+00
1055,717,2025-10-27,มา,,2025-10-27 09:30:00.503204+00
1056,718,2025-10-27,มา,,2025-10-27 09:30:00.503204+00
1057,719,2025-10-27,มา,,2025-10-27 09:30:00.503204+00
1058,720,2025-10-27,มา,,2025-10-27 09:30:00.503204+00
1059,721,2025-10-27,มา,,2025-10-27 09:30:00.503204+00
1060,715,2025-10-27,มา,,2025-10-27 09:30:00.503204+00
1062,723,2025-10-27,มา,,2025-10-27 09:30:00.503204+00
1063,724,2025-10-27,ขาด,,2025-10-27 09:30:00.503204+00
1064,725,2025-10-27,มา,,2025-10-27 09:30:00.503204+00
1065,716,2025-10-27,มา,,2025-10-27 09:30:00.503204+00
977,706,2025-10-27,มา,,2025-10-27 09:13:01.390379+00
978,707,2025-10-27,มา,,2025-10-27 09:13:01.390379+00
979,708,2025-10-27,มา,,2025-10-27 09:13:01.390379+00
980,709,2025-10-27,มา,,2025-10-27 09:13:01.390379+00
981,710,2025-10-27,มา,,2025-10-27 09:13:01.390379+00
982,711,2025-10-27,มา,,2025-10-27 09:13:01.390379+00
983,712,2025-10-27,มา,,2025-10-27 09:13:01.390379+00
1085,713,2025-10-27,ขาด,,2025-10-27 14:38:23.504734+00
985,714,2025-10-27,มา,,2025-10-27 09:13:01.390379+00
986,698,2025-10-27,มา,,2025-10-27 09:13:01.390379+00
987,699,2025-10-27,มา,,2025-10-27 09:13:01.390379+00
988,700,2025-10-27,มา,,2025-10-27 09:13:01.390379+00
989,701,2025-10-27,มา,,2025-10-27 09:13:01.390379+00
990,702,2025-10-27,มา,,2025-10-27 09:13:01.390379+00
991,703,2025-10-27,มา,,2025-10-27 09:13:01.390379+00
992,704,2025-10-27,มา,,2025-10-27 09:13:01.390379+00
993,705,2025-10-27,มา,,2025-10-27 09:13:01.390379+00
1113,697,2025-10-29,ลา,,2025-10-29 09:00:36.851745+00
1114,706,2025-10-29,มา,,2025-10-29 09:00:36.851745+00
1115,707,2025-10-29,มา,,2025-10-29 09:00:36.851745+00
1116,708,2025-10-29,มา,,2025-10-29 09:00:36.851745+00
1117,709,2025-10-29,มา,,2025-10-29 09:00:36.851745+00
1118,710,2025-10-29,ลา,,2025-10-29 09:00:36.851745+00
1119,711,2025-10-29,มา,,2025-10-29 09:00:36.851745+00
1120,712,2025-10-29,มา,,2025-10-29 09:00:36.851745+00
1121,713,2025-10-29,มา,,2025-10-29 09:00:36.851745+00
1122,714,2025-10-29,มา,,2025-10-29 09:00:36.851745+00
1123,698,2025-10-29,มา,,2025-10-29 09:00:36.851745+00
1124,699,2025-10-29,ลา,,2025-10-29 09:00:36.851745+00
1125,700,2025-10-29,ลา,,2025-10-29 09:00:36.851745+00
1126,701,2025-10-29,ลา,,2025-10-29 09:00:36.851745+00
1127,702,2025-10-29,ลา,,2025-10-29 09:00:36.851745+00
1128,703,2025-10-29,ลา,,2025-10-29 09:00:36.851745+00
1129,704,2025-10-29,มา,,2025-10-29 09:00:36.851745+00
1130,705,2025-10-29,มา,,2025-10-29 09:00:36.851745+00
1131,717,2025-10-29,มา,,2025-10-29 09:05:26.276945+00
1132,718,2025-10-29,ขาด,,2025-10-29 09:05:26.276945+00
1133,719,2025-10-29,ลา,,2025-10-29 09:05:26.276945+00
1134,720,2025-10-29,มา,,2025-10-29 09:05:26.276945+00
1135,721,2025-10-29,ลา,,2025-10-29 09:05:26.276945+00
1136,715,2025-10-29,ขาด,,2025-10-29 09:05:26.276945+00
1138,723,2025-10-29,ขาด,,2025-10-29 09:05:26.276945+00
1139,724,2025-10-29,ขาด,,2025-10-29 09:05:26.276945+00
1140,725,2025-10-29,ขาด,,2025-10-29 09:05:26.276945+00
1141,716,2025-10-29,ขาด,,2025-10-29 09:05:26.276945+00
1142,749,2025-10-29,มา,,2025-10-29 09:07:11.420169+00
1143,742,2025-10-29,มา,,2025-10-29 09:07:11.420169+00
1144,738,2025-10-29,มา,,2025-10-29 09:07:11.420169+00
1145,741,2025-10-29,มา,,2025-10-29 09:07:11.420169+00
1146,739,2025-10-29,มา,,2025-10-29 09:07:11.420169+00
1147,733,2025-10-29,มา,,2025-10-29 09:07:11.420169+00
1148,755,2025-10-29,มา,,2025-10-29 09:07:11.420169+00
1149,754,2025-10-29,มา,,2025-10-29 09:07:11.420169+00
1150,743,2025-10-29,มา,,2025-10-29 09:07:11.420169+00
1151,728,2025-10-29,มา,,2025-10-29 09:07:11.420169+00
1152,745,2025-10-29,มา,,2025-10-29 09:07:11.420169+00
1153,747,2025-10-29,มา,,2025-10-29 09:07:11.420169+00
1154,735,2025-10-29,มา,,2025-10-29 09:07:11.420169+00
1155,729,2025-10-29,มา,,2025-10-29 09:07:11.420169+00
1156,734,2025-10-29,มา,,2025-10-29 09:07:11.420169+00
1157,746,2025-10-29,มา,,2025-10-29 09:07:11.420169+00
1158,750,2025-10-29,มา,,2025-10-29 09:07:11.420169+00
1159,751,2025-10-29,มา,,2025-10-29 09:07:11.420169+00
1160,731,2025-10-29,ลา,,2025-10-29 09:07:11.420169+00
1161,737,2025-10-29,มา,,2025-10-29 09:07:11.420169+00
1162,753,2025-10-29,มา,,2025-10-29 09:07:11.420169+00
1163,756,2025-10-29,มา,,2025-10-29 09:07:11.420169+00
1164,757,2025-10-29,มา,,2025-10-29 09:07:11.420169+00
1165,732,2025-10-29,มา,,2025-10-29 09:07:11.420169+00
1166,752,2025-10-29,มา,,2025-10-29 09:07:11.420169+00
1167,740,2025-10-29,มา,,2025-10-29 09:07:11.420169+00
1168,730,2025-10-29,มา,,2025-10-29 09:07:11.420169+00
1169,726,2025-10-29,มา,,2025-10-29 09:07:11.420169+00
1170,736,2025-10-29,มา,,2025-10-29 09:07:11.420169+00
1171,748,2025-10-29,มา,,2025-10-29 09:07:11.420169+00
1172,744,2025-10-29,มา,,2025-10-29 09:07:11.420169+00
1173,727,2025-10-29,มา,,2025-10-29 09:07:11.420169+00
1174,758,2025-10-29,มา,,2025-10-29 09:22:13.372777+00
1175,764,2025-10-29,มา,,2025-10-29 09:22:13.372777+00
1176,765,2025-10-29,มา,,2025-10-29 09:22:13.372777+00
1177,766,2025-10-29,มา,,2025-10-29 09:22:13.372777+00
1178,767,2025-10-29,มา,,2025-10-29 09:22:13.372777+00
1179,768,2025-10-29,มา,,2025-10-29 09:22:13.372777+00
1180,769,2025-10-29,ลา,,2025-10-29 09:22:13.372777+00
1181,770,2025-10-29,มา,,2025-10-29 09:22:13.372777+00
1182,759,2025-10-29,มา,,2025-10-29 09:22:13.372777+00
1183,771,2025-10-29,ลา,,2025-10-29 09:22:13.372777+00
1184,772,2025-10-29,ขาด,,2025-10-29 09:22:13.372777+00
1185,773,2025-10-29,ขาด,,2025-10-29 09:22:13.372777+00
1186,774,2025-10-29,มา,,2025-10-29 09:22:13.372777+00
1187,775,2025-10-29,มา,,2025-10-29 09:22:13.372777+00
1188,760,2025-10-29,ขาด,,2025-10-29 09:22:13.372777+00
1189,776,2025-10-29,ขาด,,2025-10-29 09:22:13.372777+00
1190,777,2025-10-29,มา,,2025-10-29 09:22:13.372777+00
1191,778,2025-10-29,ลา,,2025-10-29 09:22:13.372777+00
1192,779,2025-10-29,มา,,2025-10-29 09:22:13.372777+00
1193,780,2025-10-29,ลา,,2025-10-29 09:22:13.372777+00
1194,781,2025-10-29,มา,,2025-10-29 09:22:13.372777+00
1195,782,2025-10-29,ลา,,2025-10-29 09:22:13.372777+00
1196,783,2025-10-29,ลา,,2025-10-29 09:22:13.372777+00
1197,784,2025-10-29,มา,,2025-10-29 09:22:13.372777+00
1198,785,2025-10-29,มา,,2025-10-29 09:22:13.372777+00
1199,786,2025-10-29,มา,,2025-10-29 09:22:13.372777+00
1200,761,2025-10-29,มา,,2025-10-29 09:22:13.372777+00
1201,762,2025-10-29,มา,,2025-10-29 09:22:13.372777+00
1202,763,2025-10-29,มา,,2025-10-29 09:22:13.372777+00
1203,697,2025-10-30,ลา,,2025-10-30 08:04:25.80252+00
1204,706,2025-10-30,มา,,2025-10-30 08:04:25.80252+00
1205,707,2025-10-30,มา,,2025-10-30 08:04:25.80252+00
1206,708,2025-10-30,มา,,2025-10-30 08:04:25.80252+00
1207,709,2025-10-30,มา,,2025-10-30 08:04:25.80252+00
1208,710,2025-10-30,มา,,2025-10-30 08:04:25.80252+00
1209,711,2025-10-30,มา,,2025-10-30 08:04:25.80252+00
1210,712,2025-10-30,มา,,2025-10-30 08:04:25.80252+00
1211,713,2025-10-30,มา,,2025-10-30 08:04:25.80252+00
1212,714,2025-10-30,มา,,2025-10-30 08:04:25.80252+00
1213,698,2025-10-30,มา,,2025-10-30 08:04:25.80252+00
1214,699,2025-10-30,มา,,2025-10-30 08:04:25.80252+00
1215,700,2025-10-30,มา,,2025-10-30 08:04:25.80252+00
1216,701,2025-10-30,ขาด,,2025-10-30 08:04:25.80252+00
1217,702,2025-10-30,ขาด,,2025-10-30 08:04:25.80252+00
1218,703,2025-10-30,มา,,2025-10-30 08:04:25.80252+00
1219,704,2025-10-30,มา,,2025-10-30 08:04:25.80252+00
1220,705,2025-10-30,ลา,,2025-10-30 08:04:25.80252+00
1832,773,2025-11-05,มา,,2025-11-05 09:14:34.289719+00
1833,774,2025-11-05,ขาด,,2025-11-05 09:14:34.289719+00
1834,775,2025-11-05,ลา,,2025-11-05 09:14:34.289719+00
1835,760,2025-11-05,ขาด,,2025-11-05 09:14:34.289719+00
1836,776,2025-11-05,ขาด,,2025-11-05 09:14:34.289719+00
1737,723,2025-11-03,ขาด,,2025-11-03 09:31:26.117717+00
1738,724,2025-11-03,ขาด,,2025-11-03 09:31:26.117717+00
1739,725,2025-11-03,ขาด,,2025-11-03 09:31:26.117717+00
1740,716,2025-11-03,มา,,2025-11-03 09:31:26.117717+00
1837,777,2025-11-05,มา,,2025-11-05 09:14:34.289719+00
1838,778,2025-11-05,มา,,2025-11-05 09:14:34.289719+00
1839,779,2025-11-05,ลา,,2025-11-05 09:14:34.289719+00
1840,780,2025-11-05,มา,,2025-11-05 09:14:34.289719+00
1841,781,2025-11-05,มา,,2025-11-05 09:14:34.289719+00
1842,782,2025-11-05,ลา,,2025-11-05 09:14:34.289719+00
1843,783,2025-11-05,ลา,,2025-11-05 09:14:34.289719+00
1844,784,2025-11-05,ขาด,,2025-11-05 09:14:34.289719+00
1845,785,2025-11-05,มา,,2025-11-05 09:14:34.289719+00
1846,786,2025-11-05,มา,,2025-11-05 09:14:34.289719+00
1847,761,2025-11-05,มา,,2025-11-05 09:14:34.289719+00
1848,762,2025-11-05,มา,,2025-11-05 09:14:34.289719+00
1849,763,2025-11-05,ขาด,,2025-11-05 09:14:34.289719+00
1221,717,2025-10-30,มา,,2025-10-30 08:05:35.342228+00
1222,718,2025-10-30,มา,,2025-10-30 08:05:35.342228+00
1223,719,2025-10-30,มา,,2025-10-30 08:05:35.342228+00
1224,720,2025-10-30,มา,,2025-10-30 08:05:35.342228+00
1225,721,2025-10-30,มา,,2025-10-30 08:05:35.342228+00
1226,715,2025-10-30,มา,,2025-10-30 08:05:35.342228+00
1228,723,2025-10-30,มา,,2025-10-30 08:05:35.342228+00
1229,724,2025-10-30,มา,,2025-10-30 08:05:35.342228+00
1230,725,2025-10-30,มา,,2025-10-30 08:05:35.342228+00
1243,749,2025-10-30,มา,,2025-10-30 08:08:19.952125+00
1244,742,2025-10-30,มา,,2025-10-30 08:08:19.952125+00
1245,738,2025-10-30,มา,,2025-10-30 08:08:19.952125+00
1246,741,2025-10-30,มา,,2025-10-30 08:08:19.952125+00
1247,739,2025-10-30,มา,,2025-10-30 08:08:19.952125+00
1248,733,2025-10-30,มา,,2025-10-30 08:08:19.952125+00
1249,755,2025-10-30,มา,,2025-10-30 08:08:19.952125+00
1250,754,2025-10-30,มา,,2025-10-30 08:08:19.952125+00
1251,743,2025-10-30,มา,,2025-10-30 08:08:19.952125+00
1252,728,2025-10-30,มา,,2025-10-30 08:08:19.952125+00
1231,716,2025-10-30,ลา,,2025-10-30 08:05:35.342228+00
1922,697,2025-11-06,ลา,,2025-11-06 09:13:44.114856+00
1923,706,2025-11-06,มา,,2025-11-06 09:13:44.114856+00
1924,707,2025-11-06,ลา,,2025-11-06 09:13:44.114856+00
1774,697,2025-11-03,ขาด,,2025-11-03 13:33:46.196795+00
1775,706,2025-11-03,มา,,2025-11-03 13:33:46.196795+00
1253,745,2025-10-30,มา,,2025-10-30 08:08:19.952125+00
1254,747,2025-10-30,มา,,2025-10-30 08:08:19.952125+00
1255,735,2025-10-30,มา,,2025-10-30 08:08:19.952125+00
1256,729,2025-10-30,มา,,2025-10-30 08:08:19.952125+00
1257,734,2025-10-30,มา,,2025-10-30 08:08:19.952125+00
1307,758,2025-10-30,มา,,2025-10-30 08:08:27.382182+00
1308,764,2025-10-30,มา,,2025-10-30 08:08:27.382182+00
1309,765,2025-10-30,มา,,2025-10-30 08:08:27.382182+00
1310,766,2025-10-30,มา,,2025-10-30 08:08:27.382182+00
1311,767,2025-10-30,มา,,2025-10-30 08:08:27.382182+00
1312,768,2025-10-30,มา,,2025-10-30 08:08:27.382182+00
1313,769,2025-10-30,มา,,2025-10-30 08:08:27.382182+00
1314,770,2025-10-30,มา,,2025-10-30 08:08:27.382182+00
1315,759,2025-10-30,มา,,2025-10-30 08:08:27.382182+00
1316,771,2025-10-30,มา,,2025-10-30 08:08:27.382182+00
1317,772,2025-10-30,มา,,2025-10-30 08:08:27.382182+00
1318,773,2025-10-30,มา,,2025-10-30 08:08:27.382182+00
1319,774,2025-10-30,มา,,2025-10-30 08:08:27.382182+00
1320,775,2025-10-30,มา,,2025-10-30 08:08:27.382182+00
1321,760,2025-10-30,มา,,2025-10-30 08:08:27.382182+00
1322,776,2025-10-30,ขาด,,2025-10-30 08:08:27.382182+00
1323,777,2025-10-30,มา,,2025-10-30 08:08:27.382182+00
1324,778,2025-10-30,มา,,2025-10-30 08:08:27.382182+00
1325,779,2025-10-30,มา,,2025-10-30 08:08:27.382182+00
1326,780,2025-10-30,มา,,2025-10-30 08:08:27.382182+00
1327,781,2025-10-30,มา,,2025-10-30 08:08:27.382182+00
1328,782,2025-10-30,มา,,2025-10-30 08:08:27.382182+00
1329,783,2025-10-30,มา,,2025-10-30 08:08:27.382182+00
1330,784,2025-10-30,มา,,2025-10-30 08:08:27.382182+00
1331,785,2025-10-30,มา,,2025-10-30 08:08:27.382182+00
1332,786,2025-10-30,มา,,2025-10-30 08:08:27.382182+00
1333,761,2025-10-30,มา,,2025-10-30 08:08:27.382182+00
1334,762,2025-10-30,มา,,2025-10-30 08:08:27.382182+00
1335,763,2025-10-30,มา,,2025-10-30 08:08:27.382182+00
1258,746,2025-10-30,มา,,2025-10-30 08:08:19.952125+00
1259,750,2025-10-30,มา,,2025-10-30 08:08:19.952125+00
1260,751,2025-10-30,มา,,2025-10-30 08:08:19.952125+00
1261,731,2025-10-30,มา,,2025-10-30 08:08:19.952125+00
1262,737,2025-10-30,มา,,2025-10-30 08:08:19.952125+00
1263,753,2025-10-30,มา,,2025-10-30 08:08:19.952125+00
1264,756,2025-10-30,มา,,2025-10-30 08:08:19.952125+00
1265,757,2025-10-30,มา,,2025-10-30 08:08:19.952125+00
1266,732,2025-10-30,มา,,2025-10-30 08:08:19.952125+00
1267,752,2025-10-30,มา,,2025-10-30 08:08:19.952125+00
1268,740,2025-10-30,มา,,2025-10-30 08:08:19.952125+00
1269,730,2025-10-30,มา,,2025-10-30 08:08:19.952125+00
1270,726,2025-10-30,มา,,2025-10-30 08:08:19.952125+00
1271,736,2025-10-30,มา,,2025-10-30 08:08:19.952125+00
1272,748,2025-10-30,มา,,2025-10-30 08:08:19.952125+00
1776,707,2025-11-03,มา,,2025-11-03 13:33:46.196795+00
1777,708,2025-11-03,มา,,2025-11-03 13:33:46.196795+00
1778,709,2025-11-03,มา,,2025-11-03 13:33:46.196795+00
1779,710,2025-11-03,มา,,2025-11-03 13:33:46.196795+00
1780,711,2025-11-03,มา,,2025-11-03 13:33:46.196795+00
1781,712,2025-11-03,มา,,2025-11-03 13:33:46.196795+00
1782,713,2025-11-03,มา,,2025-11-03 13:33:46.196795+00
1783,714,2025-11-03,มา,,2025-11-03 13:33:46.196795+00
1784,698,2025-11-03,มา,,2025-11-03 13:33:46.196795+00
1785,699,2025-11-03,มา,,2025-11-03 13:33:46.196795+00
1786,700,2025-11-03,มา,,2025-11-03 13:33:46.196795+00
1787,701,2025-11-03,มา,,2025-11-03 13:33:46.196795+00
1788,702,2025-11-03,มา,,2025-11-03 13:33:46.196795+00
1789,703,2025-11-03,มา,,2025-11-03 13:33:46.196795+00
1790,704,2025-11-03,ขาด,,2025-11-03 13:33:46.196795+00
1791,705,2025-11-03,มา,,2025-11-03 13:33:46.196795+00
1861,749,2025-11-05,มา,,2025-11-05 09:27:22.830074+00
1862,742,2025-11-05,มา,,2025-11-05 09:27:22.830074+00
1863,738,2025-11-05,มา,,2025-11-05 09:27:22.830074+00
1864,741,2025-11-05,มา,,2025-11-05 09:27:22.830074+00
1865,739,2025-11-05,มา,,2025-11-05 09:27:22.830074+00
1866,733,2025-11-05,มา,,2025-11-05 09:27:22.830074+00
1867,755,2025-11-05,มา,,2025-11-05 09:27:22.830074+00
1868,754,2025-11-05,มา,,2025-11-05 09:27:22.830074+00
1869,743,2025-11-05,มา,,2025-11-05 09:27:22.830074+00
1870,728,2025-11-05,มา,,2025-11-05 09:27:22.830074+00
1871,745,2025-11-05,มา,,2025-11-05 09:27:22.830074+00
1872,747,2025-11-05,มา,,2025-11-05 09:27:22.830074+00
1873,735,2025-11-05,มา,,2025-11-05 09:27:22.830074+00
1874,729,2025-11-05,มา,,2025-11-05 09:27:22.830074+00
1875,734,2025-11-05,มา,,2025-11-05 09:27:22.830074+00
1876,746,2025-11-05,มา,,2025-11-05 09:27:22.830074+00
1877,750,2025-11-05,มา,,2025-11-05 09:27:22.830074+00
1878,751,2025-11-05,มา,,2025-11-05 09:27:22.830074+00
1879,731,2025-11-05,มา,,2025-11-05 09:27:22.830074+00
1880,737,2025-11-05,มา,,2025-11-05 09:27:22.830074+00
1881,753,2025-11-05,ลา,,2025-11-05 09:27:22.830074+00
1882,756,2025-11-05,มา,,2025-11-05 09:27:22.830074+00
1883,757,2025-11-05,มา,,2025-11-05 09:27:22.830074+00
1884,732,2025-11-05,มา,,2025-11-05 09:27:22.830074+00
1885,752,2025-11-05,มา,,2025-11-05 09:27:22.830074+00
1886,740,2025-11-05,มา,,2025-11-05 09:27:22.830074+00
1887,730,2025-11-05,มา,,2025-11-05 09:27:22.830074+00
1888,726,2025-11-05,มา,,2025-11-05 09:27:22.830074+00
1889,736,2025-11-05,มา,,2025-11-05 09:27:22.830074+00
1890,748,2025-11-05,มา,,2025-11-05 09:27:22.830074+00
1891,744,2025-11-05,มา,,2025-11-05 09:27:22.830074+00
1892,727,2025-11-05,มา,,2025-11-05 09:27:22.830074+00
1925,708,2025-11-06,มา,,2025-11-06 09:13:44.114856+00
1926,709,2025-11-06,มา,,2025-11-06 09:13:44.114856+00
1927,710,2025-11-06,ลา,,2025-11-06 09:13:44.114856+00
1928,711,2025-11-06,มา,,2025-11-06 09:13:44.114856+00
1929,712,2025-11-06,มา,,2025-11-06 09:13:44.114856+00
1930,713,2025-11-06,มา,,2025-11-06 09:13:44.114856+00
1931,714,2025-11-06,ลา,,2025-11-06 09:13:44.114856+00
1932,698,2025-11-06,มา,,2025-11-06 09:13:44.114856+00
1933,699,2025-11-06,มา,,2025-11-06 09:13:44.114856+00
1934,700,2025-11-06,ขาด,,2025-11-06 09:13:44.114856+00
1935,701,2025-11-06,ลา,,2025-11-06 09:13:44.114856+00
1936,702,2025-11-06,ลา,,2025-11-06 09:13:44.114856+00
1937,703,2025-11-06,มา,,2025-11-06 09:13:44.114856+00
1938,704,2025-11-06,มา,,2025-11-06 09:13:44.114856+00
1939,705,2025-11-06,ลา,,2025-11-06 09:13:44.114856+00
1960,753,2025-11-06,มา,,2025-11-06 09:18:30.127007+00
1961,756,2025-11-06,มา,,2025-11-06 09:18:30.127007+00
1962,757,2025-11-06,มา,,2025-11-06 09:18:30.127007+00
1963,732,2025-11-06,ลา,,2025-11-06 09:18:30.127007+00
1273,744,2025-10-30,มา,,2025-10-30 08:08:19.952125+00
1274,727,2025-10-30,มา,,2025-10-30 08:08:19.952125+00
1475,749,2025-10-31,มา,,2025-10-31 08:22:17.582922+00
1476,742,2025-10-31,มา,,2025-10-31 08:22:17.582922+00
1477,738,2025-10-31,มา,,2025-10-31 08:22:17.582922+00
1478,741,2025-10-31,มา,,2025-10-31 08:22:17.582922+00
1479,739,2025-10-31,มา,,2025-10-31 08:22:17.582922+00
1480,733,2025-10-31,มา,,2025-10-31 08:22:17.582922+00
1481,755,2025-10-31,มา,,2025-10-31 08:22:17.582922+00
1482,754,2025-10-31,มา,,2025-10-31 08:22:17.582922+00
1483,743,2025-10-31,มา,,2025-10-31 08:22:17.582922+00
1484,728,2025-10-31,มา,,2025-10-31 08:22:17.582922+00
1485,745,2025-10-31,มา,,2025-10-31 08:22:17.582922+00
1486,747,2025-10-31,มา,,2025-10-31 08:22:17.582922+00
1487,735,2025-10-31,มา,,2025-10-31 08:22:17.582922+00
1488,729,2025-10-31,มา,,2025-10-31 08:22:17.582922+00
1489,734,2025-10-31,มา,,2025-10-31 08:22:17.582922+00
1490,746,2025-10-31,มา,,2025-10-31 08:22:17.582922+00
1491,750,2025-10-31,มา,,2025-10-31 08:22:17.582922+00
1492,751,2025-10-31,มา,,2025-10-31 08:22:17.582922+00
1493,731,2025-10-31,มา,,2025-10-31 08:22:17.582922+00
1494,737,2025-10-31,มา,,2025-10-31 08:22:17.582922+00
1495,753,2025-10-31,มา,,2025-10-31 08:22:17.582922+00
1496,756,2025-10-31,มา,,2025-10-31 08:22:17.582922+00
1497,757,2025-10-31,มา,,2025-10-31 08:22:17.582922+00
1498,732,2025-10-31,มา,,2025-10-31 08:22:17.582922+00
1499,752,2025-10-31,มา,,2025-10-31 08:22:17.582922+00
1500,740,2025-10-31,มา,,2025-10-31 08:22:17.582922+00
1501,730,2025-10-31,มา,,2025-10-31 08:22:17.582922+00
1502,726,2025-10-31,มา,,2025-10-31 08:22:17.582922+00
1503,736,2025-10-31,มา,,2025-10-31 08:22:17.582922+00
1504,748,2025-10-31,มา,,2025-10-31 08:22:17.582922+00
1505,744,2025-10-31,มา,,2025-10-31 08:22:17.582922+00
1506,727,2025-10-31,มา,,2025-10-31 08:22:17.582922+00
1792,697,2025-11-05,ลา,,2025-11-05 09:07:56.11667+00
1793,706,2025-11-05,มา,,2025-11-05 09:07:56.11667+00
1794,707,2025-11-05,ลา,,2025-11-05 09:07:56.11667+00
1795,708,2025-11-05,มา,,2025-11-05 09:07:56.11667+00
1796,709,2025-11-05,มา,,2025-11-05 09:07:56.11667+00
1797,710,2025-11-05,ลา,,2025-11-05 09:07:56.11667+00
1798,711,2025-11-05,มา,,2025-11-05 09:07:56.11667+00
1799,712,2025-11-05,มา,,2025-11-05 09:07:56.11667+00
1800,713,2025-11-05,มา,,2025-11-05 09:07:56.11667+00
1801,714,2025-11-05,ลา,,2025-11-05 09:07:56.11667+00
1802,698,2025-11-05,มา,,2025-11-05 09:07:56.11667+00
1803,699,2025-11-05,มา,,2025-11-05 09:07:56.11667+00
1804,700,2025-11-05,มา,,2025-11-05 09:07:56.11667+00
1805,701,2025-11-05,มา,,2025-11-05 09:07:56.11667+00
1806,702,2025-11-05,ลา,,2025-11-05 09:07:56.11667+00
1807,703,2025-11-05,มา,,2025-11-05 09:07:56.11667+00
1808,704,2025-11-05,มา,,2025-11-05 09:07:56.11667+00
1809,705,2025-11-05,มา,,2025-11-05 09:07:56.11667+00
1565,717,2025-10-31,มา,,2025-10-31 09:18:01.568237+00
1566,718,2025-10-31,มา,,2025-10-31 09:18:01.568237+00
1567,719,2025-10-31,ลา,,2025-10-31 09:18:01.568237+00
1568,720,2025-10-31,มา,,2025-10-31 09:18:01.568237+00
1569,721,2025-10-31,ลา,,2025-10-31 09:18:01.568237+00
1570,715,2025-10-31,ขาด,,2025-10-31 09:18:01.568237+00
1572,723,2025-10-31,ขาด,,2025-10-31 09:18:01.568237+00
1573,724,2025-10-31,ขาด,,2025-10-31 09:18:01.568237+00
1574,725,2025-10-31,มา,,2025-10-31 09:18:01.568237+00
1575,716,2025-10-31,ขาด,,2025-10-31 09:18:01.568237+00
1587,697,2025-10-31,มา,,2025-10-31 09:27:02.081903+00
1588,706,2025-10-31,มา,,2025-10-31 09:27:02.081903+00
1589,707,2025-10-31,ลา,,2025-10-31 09:27:02.081903+00
1590,708,2025-10-31,มา,,2025-10-31 09:27:02.081903+00
1591,709,2025-10-31,มา,,2025-10-31 09:27:02.081903+00
1592,710,2025-10-31,ลา,,2025-10-31 09:27:02.081903+00
1593,711,2025-10-31,มา,,2025-10-31 09:27:02.081903+00
1594,712,2025-10-31,มา,,2025-10-31 09:27:02.081903+00
1595,713,2025-10-31,มา,,2025-10-31 09:27:02.081903+00
1596,714,2025-10-31,ขาด,,2025-10-31 09:27:02.081903+00
1597,698,2025-10-31,มา,,2025-10-31 09:27:02.081903+00
1598,699,2025-10-31,ลา,,2025-10-31 09:27:02.081903+00
1599,700,2025-10-31,ลา,,2025-10-31 09:27:02.081903+00
1600,701,2025-10-31,ลา,,2025-10-31 09:27:02.081903+00
1601,702,2025-10-31,ลา,,2025-10-31 09:27:02.081903+00
1602,703,2025-10-31,ลา,,2025-10-31 09:27:02.081903+00
1603,704,2025-10-31,มา,,2025-10-31 09:27:02.081903+00
1604,705,2025-10-31,มา,,2025-10-31 09:27:02.081903+00
1507,758,2025-10-31,ลา,,2025-10-31 09:08:44.610563+00
1508,764,2025-10-31,ลา,,2025-10-31 09:08:44.610563+00
1509,765,2025-10-31,ลา,,2025-10-31 09:08:44.610563+00
1510,766,2025-10-31,มา,,2025-10-31 09:08:44.610563+00
1511,767,2025-10-31,มา,,2025-10-31 09:08:44.610563+00
1512,768,2025-10-31,มา,,2025-10-31 09:08:44.610563+00
1513,769,2025-10-31,มา,,2025-10-31 09:08:44.610563+00
1514,770,2025-10-31,มา,,2025-10-31 09:08:44.610563+00
1515,759,2025-10-31,มา,,2025-10-31 09:08:44.610563+00
1516,771,2025-10-31,ลา,,2025-10-31 09:08:44.610563+00
1517,772,2025-10-31,มา,,2025-10-31 09:08:44.610563+00
1518,773,2025-10-31,ลา,,2025-10-31 09:08:44.610563+00
1519,774,2025-10-31,มา,,2025-10-31 09:08:44.610563+00
1520,775,2025-10-31,ลา,,2025-10-31 09:08:44.610563+00
1521,760,2025-10-31,มา,,2025-10-31 09:08:44.610563+00
1522,776,2025-10-31,ขาด,,2025-10-31 09:08:44.610563+00
1523,777,2025-10-31,มา,,2025-10-31 09:08:44.610563+00
1524,778,2025-10-31,มา,,2025-10-31 09:08:44.610563+00
1525,779,2025-10-31,มา,,2025-10-31 09:08:44.610563+00
1526,780,2025-10-31,มา,,2025-10-31 09:08:44.610563+00
1527,781,2025-10-31,มา,,2025-10-31 09:08:44.610563+00
1528,782,2025-10-31,มา,,2025-10-31 09:08:44.610563+00
1529,783,2025-10-31,มา,,2025-10-31 09:08:44.610563+00
1530,784,2025-10-31,มา,,2025-10-31 09:08:44.610563+00
1531,785,2025-10-31,มา,,2025-10-31 09:08:44.610563+00
1532,786,2025-10-31,มา,,2025-10-31 09:08:44.610563+00
1533,761,2025-10-31,มา,,2025-10-31 09:08:44.610563+00
1534,762,2025-10-31,มา,,2025-10-31 09:08:44.610563+00
1535,763,2025-10-31,มา,,2025-10-31 09:08:44.610563+00
1810,717,2025-11-05,มา,,2025-11-05 09:14:24.177721+00
1811,718,2025-11-05,ลา,,2025-11-05 09:14:24.177721+00
1812,719,2025-11-05,มา,,2025-11-05 09:14:24.177721+00
1813,720,2025-11-05,มา,,2025-11-05 09:14:24.177721+00
1814,721,2025-11-05,มา,,2025-11-05 09:14:24.177721+00
1815,715,2025-11-05,ลา,,2025-11-05 09:14:24.177721+00
1817,723,2025-11-05,ขาด,,2025-11-05 09:14:24.177721+00
1818,724,2025-11-05,ขาด,,2025-11-05 09:14:24.177721+00
1819,725,2025-11-05,มา,,2025-11-05 09:14:24.177721+00
1820,716,2025-11-05,ลา,,2025-11-05 09:14:24.177721+00
1634,749,2025-11-03,มา,,2025-11-03 09:14:57.883985+00
1635,742,2025-11-03,มา,,2025-11-03 09:14:57.883985+00
1636,738,2025-11-03,มา,,2025-11-03 09:14:57.883985+00
1637,741,2025-11-03,มา,,2025-11-03 09:14:57.883985+00
1638,739,2025-11-03,มา,,2025-11-03 09:14:57.883985+00
1639,733,2025-11-03,มา,,2025-11-03 09:14:57.883985+00
1640,755,2025-11-03,มา,,2025-11-03 09:14:57.883985+00
1641,754,2025-11-03,มา,,2025-11-03 09:14:57.883985+00
1642,743,2025-11-03,มา,,2025-11-03 09:14:57.883985+00
1643,728,2025-11-03,มา,,2025-11-03 09:14:57.883985+00
1644,745,2025-11-03,มา,,2025-11-03 09:14:57.883985+00
1645,747,2025-11-03,มา,,2025-11-03 09:14:57.883985+00
1646,735,2025-11-03,มา,,2025-11-03 09:14:57.883985+00
1647,729,2025-11-03,มา,,2025-11-03 09:14:57.883985+00
1648,734,2025-11-03,มา,,2025-11-03 09:14:57.883985+00
1649,746,2025-11-03,มา,,2025-11-03 09:14:57.883985+00
1650,750,2025-11-03,มา,,2025-11-03 09:14:57.883985+00
1651,751,2025-11-03,มา,,2025-11-03 09:14:57.883985+00
1652,731,2025-11-03,มา,,2025-11-03 09:14:57.883985+00
1653,737,2025-11-03,มา,,2025-11-03 09:14:57.883985+00
1654,753,2025-11-03,มา,,2025-11-03 09:14:57.883985+00
1655,756,2025-11-03,มา,,2025-11-03 09:14:57.883985+00
1656,757,2025-11-03,มา,,2025-11-03 09:14:57.883985+00
1657,732,2025-11-03,มา,,2025-11-03 09:14:57.883985+00
1658,752,2025-11-03,มา,,2025-11-03 09:14:57.883985+00
1659,740,2025-11-03,มา,,2025-11-03 09:14:57.883985+00
1660,730,2025-11-03,มา,,2025-11-03 09:14:57.883985+00
1661,726,2025-11-03,มา,,2025-11-03 09:14:57.883985+00
1662,736,2025-11-03,มา,,2025-11-03 09:14:57.883985+00
1663,748,2025-11-03,มา,,2025-11-03 09:14:57.883985+00
1664,744,2025-11-03,มา,,2025-11-03 09:14:57.883985+00
1665,727,2025-11-03,มา,,2025-11-03 09:14:57.883985+00
1940,749,2025-11-06,ลา,,2025-11-06 09:18:30.127007+00
1941,742,2025-11-06,มา,,2025-11-06 09:18:30.127007+00
1942,738,2025-11-06,ลา,,2025-11-06 09:18:30.127007+00
1943,741,2025-11-06,มา,,2025-11-06 09:18:30.127007+00
1944,739,2025-11-06,มา,,2025-11-06 09:18:30.127007+00
1945,733,2025-11-06,มา,,2025-11-06 09:18:30.127007+00
1946,755,2025-11-06,มา,,2025-11-06 09:18:30.127007+00
1947,754,2025-11-06,มา,,2025-11-06 09:18:30.127007+00
1948,743,2025-11-06,ลา,,2025-11-06 09:18:30.127007+00
1949,728,2025-11-06,มา,,2025-11-06 09:18:30.127007+00
1950,745,2025-11-06,มา,,2025-11-06 09:18:30.127007+00
1951,747,2025-11-06,ลา,,2025-11-06 09:18:30.127007+00
1952,735,2025-11-06,มา,,2025-11-06 09:18:30.127007+00
1953,729,2025-11-06,มา,,2025-11-06 09:18:30.127007+00
1954,734,2025-11-06,มา,,2025-11-06 09:18:30.127007+00
1955,746,2025-11-06,มา,,2025-11-06 09:18:30.127007+00
1956,750,2025-11-06,มา,,2025-11-06 09:18:30.127007+00
1957,751,2025-11-06,มา,,2025-11-06 09:18:30.127007+00
1958,731,2025-11-06,ลา,,2025-11-06 09:18:30.127007+00
1959,737,2025-11-06,มา,,2025-11-06 09:18:30.127007+00
1904,773,2025-11-06,มา,,2025-11-06 09:13:06.888848+00
1905,774,2025-11-06,มา,,2025-11-06 09:13:06.888848+00
1906,775,2025-11-06,มา,,2025-11-06 09:13:06.888848+00
1907,760,2025-11-06,มา,,2025-11-06 09:13:06.888848+00
1908,776,2025-11-06,ลา,,2025-11-06 09:13:06.888848+00
1909,777,2025-11-06,มา,,2025-11-06 09:13:06.888848+00
1910,778,2025-11-06,มา,,2025-11-06 09:13:06.888848+00
1911,779,2025-11-06,มา,,2025-11-06 09:13:06.888848+00
1912,780,2025-11-06,มา,,2025-11-06 09:13:06.888848+00
1913,781,2025-11-06,มา,,2025-11-06 09:13:06.888848+00
1914,782,2025-11-06,มา,,2025-11-06 09:13:06.888848+00
1915,783,2025-11-06,มา,,2025-11-06 09:13:06.888848+00
1916,784,2025-11-06,มา,,2025-11-06 09:13:06.888848+00
1917,785,2025-11-06,มา,,2025-11-06 09:13:06.888848+00
1918,786,2025-11-06,มา,,2025-11-06 09:13:06.888848+00
1919,761,2025-11-06,มา,,2025-11-06 09:13:06.888848+00
1920,762,2025-11-06,มา,,2025-11-06 09:13:06.888848+00
1921,763,2025-11-06,มา,,2025-11-06 09:13:06.888848+00
1964,752,2025-11-06,มา,,2025-11-06 09:18:30.127007+00
1965,740,2025-11-06,มา,,2025-11-06 09:18:30.127007+00
1966,730,2025-11-06,มา,,2025-11-06 09:18:30.127007+00
1967,726,2025-11-06,มา,,2025-11-06 09:18:30.127007+00
1968,736,2025-11-06,มา,,2025-11-06 09:18:30.127007+00
1969,748,2025-11-06,มา,,2025-11-06 09:18:30.127007+00
1970,744,2025-11-06,มา,,2025-11-06 09:18:30.127007+00
1971,727,2025-11-06,มา,,2025-11-06 09:18:30.127007+00
2004,717,2025-11-06,ลา,,2025-11-06 09:20:48.014451+00
2005,718,2025-11-06,ขาด,,2025-11-06 09:20:48.014451+00
2006,719,2025-11-06,มา,,2025-11-06 09:20:48.014451+00
2007,720,2025-11-06,ลา,,2025-11-06 09:20:48.014451+00
2008,721,2025-11-06,มา,,2025-11-06 09:20:48.014451+00
2009,715,2025-11-06,ขาด,,2025-11-06 09:20:48.014451+00
2011,723,2025-11-06,ลา,,2025-11-06 09:20:48.014451+00
2012,724,2025-11-06,ลา,,2025-11-06 09:20:48.014451+00
2013,725,2025-11-06,ขาด,,2025-11-06 09:20:48.014451+00
2014,716,2025-11-06,ขาด,,2025-11-06 09:20:48.014451+00
1893,758,2025-11-06,มา,,2025-11-06 09:13:06.888848+00
1894,764,2025-11-06,มา,,2025-11-06 09:13:06.888848+00
1895,765,2025-11-06,มา,,2025-11-06 09:13:06.888848+00
1896,766,2025-11-06,มา,,2025-11-06 09:13:06.888848+00
1897,767,2025-11-06,มา,,2025-11-06 09:13:06.888848+00
1898,768,2025-11-06,มา,,2025-11-06 09:13:06.888848+00
1899,769,2025-11-06,มา,,2025-11-06 09:13:06.888848+00
1900,770,2025-11-06,มา,,2025-11-06 09:13:06.888848+00
1901,759,2025-11-06,มา,,2025-11-06 09:13:06.888848+00
1902,771,2025-11-06,มา,,2025-11-06 09:13:06.888848+00
1903,772,2025-11-06,มา,,2025-11-06 09:13:06.888848+00
2102,697,2025-11-07,มา,,2025-11-07 09:14:21.202386+00
2056,706,2025-11-07,มา,,2025-11-07 09:09:33.687554+00
2057,707,2025-11-07,มา,,2025-11-07 09:09:33.687554+00
2058,708,2025-11-07,ลา,,2025-11-07 09:09:33.687554+00
2059,709,2025-11-07,มา,,2025-11-07 09:09:33.687554+00
2060,710,2025-11-07,ลา,,2025-11-07 09:09:33.687554+00
2061,711,2025-11-07,มา,,2025-11-07 09:09:33.687554+00
2062,712,2025-11-07,มา,,2025-11-07 09:09:33.687554+00
2063,713,2025-11-07,มา,,2025-11-07 09:09:33.687554+00
2064,714,2025-11-07,ลา,,2025-11-07 09:09:33.687554+00
2065,698,2025-11-07,มา,,2025-11-07 09:09:33.687554+00
2066,699,2025-11-07,มา,,2025-11-07 09:09:33.687554+00
2067,700,2025-11-07,มา,,2025-11-07 09:09:33.687554+00
2068,701,2025-11-07,ลา,,2025-11-07 09:09:33.687554+00
2069,702,2025-11-07,ลา,,2025-11-07 09:09:33.687554+00
2070,703,2025-11-07,มา,,2025-11-07 09:09:33.687554+00
2071,704,2025-11-07,มา,,2025-11-07 09:09:33.687554+00
2072,705,2025-11-07,มา,,2025-11-07 09:09:33.687554+00
2120,749,2025-11-07,มา,,2025-11-07 09:17:37.378921+00
2121,742,2025-11-07,มา,,2025-11-07 09:17:37.378921+00
2122,738,2025-11-07,มา,,2025-11-07 09:17:37.378921+00
2123,741,2025-11-07,มา,,2025-11-07 09:17:37.378921+00
2124,739,2025-11-07,มา,,2025-11-07 09:17:37.378921+00
2125,733,2025-11-07,มา,,2025-11-07 09:17:37.378921+00
2126,755,2025-11-07,มา,,2025-11-07 09:17:37.378921+00
2127,754,2025-11-07,มา,,2025-11-07 09:17:37.378921+00
2128,743,2025-11-07,ขาด,,2025-11-07 09:17:37.378921+00
2129,728,2025-11-07,มา,,2025-11-07 09:17:37.378921+00
2130,745,2025-11-07,มา,,2025-11-07 09:17:37.378921+00
2131,747,2025-11-07,ลา,,2025-11-07 09:17:37.378921+00
2132,735,2025-11-07,ลา,,2025-11-07 09:17:37.378921+00
2133,729,2025-11-07,ลา,,2025-11-07 09:17:37.378921+00
2073,758,2025-11-07,มา,,2025-11-07 09:10:50.735686+00
2074,764,2025-11-07,มา,,2025-11-07 09:10:50.735686+00
2075,765,2025-11-07,ลา,,2025-11-07 09:10:50.735686+00
2076,766,2025-11-07,มา,,2025-11-07 09:10:50.735686+00
2077,767,2025-11-07,มา,,2025-11-07 09:10:50.735686+00
2078,768,2025-11-07,มา,,2025-11-07 09:10:50.735686+00
2079,769,2025-11-07,มา,,2025-11-07 09:10:50.735686+00
2080,770,2025-11-07,มา,,2025-11-07 09:10:50.735686+00
2081,759,2025-11-07,มา,,2025-11-07 09:10:50.735686+00
2082,771,2025-11-07,ลา,,2025-11-07 09:10:50.735686+00
2083,772,2025-11-07,มา,,2025-11-07 09:10:50.735686+00
2084,773,2025-11-07,มา,,2025-11-07 09:10:50.735686+00
2085,774,2025-11-07,มา,,2025-11-07 09:10:50.735686+00
2086,775,2025-11-07,มา,,2025-11-07 09:10:50.735686+00
2087,760,2025-11-07,มา,,2025-11-07 09:10:50.735686+00
2088,776,2025-11-07,มา,,2025-11-07 09:10:50.735686+00
2089,777,2025-11-07,ลา,,2025-11-07 09:10:50.735686+00
2090,778,2025-11-07,มา,,2025-11-07 09:10:50.735686+00
2091,779,2025-11-07,มา,,2025-11-07 09:10:50.735686+00
2092,780,2025-11-07,ลา,,2025-11-07 09:10:50.735686+00
2093,781,2025-11-07,มา,,2025-11-07 09:10:50.735686+00
2094,782,2025-11-07,ลา,,2025-11-07 09:10:50.735686+00
2095,783,2025-11-07,ลา,,2025-11-07 09:10:50.735686+00
2096,784,2025-11-07,ลา,,2025-11-07 09:10:50.735686+00
2097,785,2025-11-07,มา,,2025-11-07 09:10:50.735686+00
2098,786,2025-11-07,มา,,2025-11-07 09:10:50.735686+00
2099,761,2025-11-07,มา,,2025-11-07 09:10:50.735686+00
2134,734,2025-11-07,มา,,2025-11-07 09:17:37.378921+00
2135,746,2025-11-07,มา,,2025-11-07 09:17:37.378921+00
2136,750,2025-11-07,มา,,2025-11-07 09:17:37.378921+00
2137,751,2025-11-07,มา,,2025-11-07 09:17:37.378921+00
2138,731,2025-11-07,มา,,2025-11-07 09:17:37.378921+00
2139,737,2025-11-07,มา,,2025-11-07 09:17:37.378921+00
2140,753,2025-11-07,ขาด,,2025-11-07 09:17:37.378921+00
2141,756,2025-11-07,มา,,2025-11-07 09:17:37.378921+00
2142,757,2025-11-07,มา,,2025-11-07 09:17:37.378921+00
2143,732,2025-11-07,มา,,2025-11-07 09:17:37.378921+00
2144,752,2025-11-07,มา,,2025-11-07 09:17:37.378921+00
2145,740,2025-11-07,มา,,2025-11-07 09:17:37.378921+00
2146,730,2025-11-07,มา,,2025-11-07 09:17:37.378921+00
2147,726,2025-11-07,มา,,2025-11-07 09:17:37.378921+00
2148,736,2025-11-07,มา,,2025-11-07 09:17:37.378921+00
2149,748,2025-11-07,มา,,2025-11-07 09:17:37.378921+00
2150,744,2025-11-07,มา,,2025-11-07 09:17:37.378921+00
2151,727,2025-11-07,มา,,2025-11-07 09:17:37.378921+00
2100,762,2025-11-07,มา,,2025-11-07 09:10:50.735686+00
2101,763,2025-11-07,มา,,2025-11-07 09:10:50.735686+00
2181,697,2025-11-10,ลา,,2025-11-10 09:11:32.027622+00
2182,706,2025-11-10,มา,,2025-11-10 09:11:32.027622+00
2183,707,2025-11-10,ลา,,2025-11-10 09:11:32.027622+00
2184,708,2025-11-10,มา,,2025-11-10 09:11:32.027622+00
2185,709,2025-11-10,มา,,2025-11-10 09:11:32.027622+00
2186,710,2025-11-10,มา,,2025-11-10 09:11:32.027622+00
2187,711,2025-11-10,มา,,2025-11-10 09:11:32.027622+00
2188,712,2025-11-10,มา,,2025-11-10 09:11:32.027622+00
2189,713,2025-11-10,ลา,,2025-11-10 09:11:32.027622+00
2190,714,2025-11-10,มา,,2025-11-10 09:11:32.027622+00
2191,698,2025-11-10,มา,,2025-11-10 09:11:32.027622+00
2192,699,2025-11-10,มา,,2025-11-10 09:11:32.027622+00
2193,700,2025-11-10,มา,,2025-11-10 09:11:32.027622+00
2194,701,2025-11-10,ขาด,,2025-11-10 09:11:32.027622+00
2195,702,2025-11-10,มา,,2025-11-10 09:11:32.027622+00
2196,703,2025-11-10,มา,,2025-11-10 09:11:32.027622+00
2197,704,2025-11-10,มา,,2025-11-10 09:11:32.027622+00
2198,705,2025-11-10,มา,,2025-11-10 09:11:32.027622+00
2199,717,2025-11-10,มา,,2025-11-10 09:16:54.595723+00
2200,718,2025-11-10,มา,,2025-11-10 09:16:54.595723+00
2201,719,2025-11-10,ลา,,2025-11-10 09:16:54.595723+00
2202,720,2025-11-10,ลา,,2025-11-10 09:16:54.595723+00
2203,721,2025-11-10,ลา,,2025-11-10 09:16:54.595723+00
2204,715,2025-11-10,มา,,2025-11-10 09:16:54.595723+00
2206,723,2025-11-10,ลา,,2025-11-10 09:16:54.595723+00
2207,724,2025-11-10,ลา,,2025-11-10 09:16:54.595723+00
2208,725,2025-11-10,ขาด,,2025-11-10 09:16:54.595723+00
2209,716,2025-11-10,มา,,2025-11-10 09:16:54.595723+00
2308,749,2025-11-10,มา,,2025-11-10 09:22:44.619148+00
2309,742,2025-11-10,มา,,2025-11-10 09:22:44.619148+00
2310,738,2025-11-10,มา,,2025-11-10 09:22:44.619148+00
2311,741,2025-11-10,มา,,2025-11-10 09:22:44.619148+00
2312,739,2025-11-10,มา,,2025-11-10 09:22:44.619148+00
2313,733,2025-11-10,มา,,2025-11-10 09:22:44.619148+00
2314,755,2025-11-10,มา,,2025-11-10 09:22:44.619148+00
2315,754,2025-11-10,มา,,2025-11-10 09:22:44.619148+00
2316,743,2025-11-10,มา,,2025-11-10 09:22:44.619148+00
2317,728,2025-11-10,ลา,,2025-11-10 09:22:44.619148+00
2318,745,2025-11-10,มา,,2025-11-10 09:22:44.619148+00
2319,747,2025-11-10,ลา,,2025-11-10 09:22:44.619148+00
2320,735,2025-11-10,มา,,2025-11-10 09:22:44.619148+00
2321,729,2025-11-10,มา,,2025-11-10 09:22:44.619148+00
2322,734,2025-11-10,มา,,2025-11-10 09:22:44.619148+00
2323,746,2025-11-10,ลา,,2025-11-10 09:22:44.619148+00
2324,750,2025-11-10,มา,,2025-11-10 09:22:44.619148+00
2325,751,2025-11-10,มา,,2025-11-10 09:22:44.619148+00
2326,731,2025-11-10,มา,,2025-11-10 09:22:44.619148+00
2327,737,2025-11-10,มา,,2025-11-10 09:22:44.619148+00
2328,753,2025-11-10,ลา,,2025-11-10 09:22:44.619148+00
2329,756,2025-11-10,มา,,2025-11-10 09:22:44.619148+00
2330,757,2025-11-10,มา,,2025-11-10 09:22:44.619148+00
2331,732,2025-11-10,มา,,2025-11-10 09:22:44.619148+00
2332,752,2025-11-10,มา,,2025-11-10 09:22:44.619148+00
2333,740,2025-11-10,มา,,2025-11-10 09:22:44.619148+00
2334,730,2025-11-10,มา,,2025-11-10 09:22:44.619148+00
2335,726,2025-11-10,ลา,,2025-11-10 09:22:44.619148+00
2336,736,2025-11-10,มา,,2025-11-10 09:22:44.619148+00
2221,758,2025-11-10,ลา,,2025-11-10 09:21:35.971289+00
2222,764,2025-11-10,ลา,,2025-11-10 09:21:35.971289+00
2223,765,2025-11-10,มา,,2025-11-10 09:21:35.971289+00
2224,766,2025-11-10,มา,,2025-11-10 09:21:35.971289+00
2225,767,2025-11-10,มา,,2025-11-10 09:21:35.971289+00
2226,768,2025-11-10,มา,,2025-11-10 09:21:35.971289+00
2227,769,2025-11-10,มา,,2025-11-10 09:21:35.971289+00
2337,748,2025-11-10,มา,,2025-11-10 09:22:44.619148+00
2338,744,2025-11-10,ลา,,2025-11-10 09:22:44.619148+00
2339,727,2025-11-10,ลา,,2025-11-10 09:22:44.619148+00
2228,770,2025-11-10,มา,,2025-11-10 09:21:35.971289+00
2229,759,2025-11-10,มา,,2025-11-10 09:21:35.971289+00
2230,771,2025-11-10,มา,,2025-11-10 09:21:35.971289+00
2231,772,2025-11-10,มา,,2025-11-10 09:21:35.971289+00
2232,773,2025-11-10,ลา,,2025-11-10 09:21:35.971289+00
2233,774,2025-11-10,มา,,2025-11-10 09:21:35.971289+00
2234,775,2025-11-10,มา,,2025-11-10 09:21:35.971289+00
2235,760,2025-11-10,มา,,2025-11-10 09:21:35.971289+00
2236,776,2025-11-10,ลา,,2025-11-10 09:21:35.971289+00
2237,777,2025-11-10,มา,,2025-11-10 09:21:35.971289+00
2238,778,2025-11-10,มา,,2025-11-10 09:21:35.971289+00
2239,779,2025-11-10,มา,,2025-11-10 09:21:35.971289+00
2240,780,2025-11-10,มา,,2025-11-10 09:21:35.971289+00
2241,781,2025-11-10,ลา,,2025-11-10 09:21:35.971289+00
2242,782,2025-11-10,ลา,,2025-11-10 09:21:35.971289+00
2244,783,2025-11-10,มา,,2025-11-10 09:21:35.971289+00
2245,784,2025-11-10,มา,,2025-11-10 09:21:35.971289+00
2246,785,2025-11-10,ลา,,2025-11-10 09:21:35.971289+00
2247,786,2025-11-10,มา,,2025-11-10 09:21:35.971289+00
2248,761,2025-11-10,มา,,2025-11-10 09:21:35.971289+00
2249,762,2025-11-10,มา,,2025-11-10 09:21:35.971289+00
2250,763,2025-11-10,มา,,2025-11-10 09:21:35.971289+00
2398,749,2025-11-12,มา,,2025-11-12 09:10:43.081059+00
2399,742,2025-11-12,มา,,2025-11-12 09:10:43.081059+00
2400,738,2025-11-12,มา,,2025-11-12 09:10:43.081059+00
2401,741,2025-11-12,มา,,2025-11-12 09:10:43.081059+00
2402,739,2025-11-12,มา,,2025-11-12 09:10:43.081059+00
2403,733,2025-11-12,มา,,2025-11-12 09:10:43.081059+00
2404,755,2025-11-12,มา,,2025-11-12 09:10:43.081059+00
2405,754,2025-11-12,มา,,2025-11-12 09:10:43.081059+00
2406,743,2025-11-12,มา,,2025-11-12 09:10:43.081059+00
2407,728,2025-11-12,มา,,2025-11-12 09:10:43.081059+00
2408,745,2025-11-12,มา,,2025-11-12 09:10:43.081059+00
2409,747,2025-11-12,มา,,2025-11-12 09:10:43.081059+00
2410,735,2025-11-12,มา,,2025-11-12 09:10:43.081059+00
2411,729,2025-11-12,มา,,2025-11-12 09:10:43.081059+00
2412,734,2025-11-12,มา,,2025-11-12 09:10:43.081059+00
2413,746,2025-11-12,มา,,2025-11-12 09:10:43.081059+00
2414,750,2025-11-12,มา,,2025-11-12 09:10:43.081059+00
2415,751,2025-11-12,มา,,2025-11-12 09:10:43.081059+00
2416,731,2025-11-12,มา,,2025-11-12 09:10:43.081059+00
2417,737,2025-11-12,มา,,2025-11-12 09:10:43.081059+00
2418,753,2025-11-12,มา,,2025-11-12 09:10:43.081059+00
2419,756,2025-11-12,มา,,2025-11-12 09:10:43.081059+00
2420,757,2025-11-12,มา,,2025-11-12 09:10:43.081059+00
2421,732,2025-11-12,มา,,2025-11-12 09:10:43.081059+00
2422,752,2025-11-12,มา,,2025-11-12 09:10:43.081059+00
2423,740,2025-11-12,มา,,2025-11-12 09:10:43.081059+00
2424,730,2025-11-12,มา,,2025-11-12 09:10:43.081059+00
2425,726,2025-11-12,มา,,2025-11-12 09:10:43.081059+00
2426,736,2025-11-12,มา,,2025-11-12 09:10:43.081059+00
2427,748,2025-11-12,มา,,2025-11-12 09:10:43.081059+00
2428,744,2025-11-12,มา,,2025-11-12 09:10:43.081059+00
2429,727,2025-11-12,มา,,2025-11-12 09:10:43.081059+00
2462,697,2025-11-12,ลา,,2025-11-12 09:19:55.932921+00
2463,706,2025-11-12,มา,,2025-11-12 09:19:55.932921+00
2464,707,2025-11-12,มา,,2025-11-12 09:19:55.932921+00
2465,708,2025-11-12,มา,,2025-11-12 09:19:55.932921+00
2466,709,2025-11-12,มา,,2025-11-12 09:19:55.932921+00
2467,710,2025-11-12,ลา,,2025-11-12 09:19:55.932921+00
2468,711,2025-11-12,มา,,2025-11-12 09:19:55.932921+00
2469,712,2025-11-12,มา,,2025-11-12 09:19:55.932921+00
2470,713,2025-11-12,ขาด,,2025-11-12 09:19:55.932921+00
2471,714,2025-11-12,มา,,2025-11-12 09:19:55.932921+00
2472,698,2025-11-12,มา,,2025-11-12 09:19:55.932921+00
2480,717,2025-11-12,มา,,2025-11-12 09:20:33.562235+00
2481,718,2025-11-12,มา,,2025-11-12 09:20:33.562235+00
2482,719,2025-11-12,มา,,2025-11-12 09:20:33.562235+00
2483,720,2025-11-12,มา,,2025-11-12 09:20:33.562235+00
2484,721,2025-11-12,มา,,2025-11-12 09:20:33.562235+00
2485,715,2025-11-12,มา,,2025-11-12 09:20:33.562235+00
2487,723,2025-11-12,ขาด,,2025-11-12 09:20:33.562235+00
2488,724,2025-11-12,ลา,,2025-11-12 09:20:33.562235+00
2489,725,2025-11-12,ขาด,,2025-11-12 09:20:33.562235+00
2490,716,2025-11-12,มา,,2025-11-12 09:20:33.562235+00
2513,699,2025-11-12,มา,,2025-11-12 09:34:53.963138+00
2474,700,2025-11-12,มา,,2025-11-12 09:19:55.932921+00
2515,701,2025-11-12,มา,,2025-11-12 09:34:53.963138+00
2476,702,2025-11-12,ลา,,2025-11-12 09:19:55.932921+00
2517,703,2025-11-12,มา,,2025-11-12 09:34:53.963138+00
2478,704,2025-11-12,ลา,,2025-11-12 09:19:55.932921+00
2479,705,2025-11-12,มา,,2025-11-12 09:19:55.932921+00
2520,697,2025-11-13,ลา,,2025-11-13 09:17:06.835366+00
2521,706,2025-11-13,มา,,2025-11-13 09:17:06.835366+00
2522,707,2025-11-13,ลา,,2025-11-13 09:17:06.835366+00
2523,708,2025-11-13,มา,,2025-11-13 09:17:06.835366+00
2524,709,2025-11-13,มา,,2025-11-13 09:17:06.835366+00
2525,710,2025-11-13,ลา,,2025-11-13 09:17:06.835366+00
2526,711,2025-11-13,มา,,2025-11-13 09:17:06.835366+00
2527,712,2025-11-13,มา,,2025-11-13 09:17:06.835366+00
2528,713,2025-11-13,มา,,2025-11-13 09:17:06.835366+00
2529,714,2025-11-13,ลา,,2025-11-13 09:17:06.835366+00
2530,698,2025-11-13,มา,,2025-11-13 09:17:06.835366+00
2531,699,2025-11-13,มา,,2025-11-13 09:17:06.835366+00
2532,700,2025-11-13,ลา,,2025-11-13 09:17:06.835366+00
2533,701,2025-11-13,ลา,,2025-11-13 09:17:06.835366+00
2534,702,2025-11-13,ลา,,2025-11-13 09:17:06.835366+00
2535,703,2025-11-13,มา,,2025-11-13 09:17:06.835366+00
2536,704,2025-11-13,ลา,,2025-11-13 09:17:06.835366+00
2537,705,2025-11-13,ลา,,2025-11-13 09:17:06.835366+00
2538,749,2025-11-13,มา,,2025-11-13 09:19:23.313598+00
2539,742,2025-11-13,มา,,2025-11-13 09:19:23.313598+00
2540,738,2025-11-13,มา,,2025-11-13 09:19:23.313598+00
2541,741,2025-11-13,มา,,2025-11-13 09:19:23.313598+00
2542,739,2025-11-13,มา,,2025-11-13 09:19:23.313598+00
2543,733,2025-11-13,มา,,2025-11-13 09:19:23.313598+00
2544,755,2025-11-13,มา,,2025-11-13 09:19:23.313598+00
2545,754,2025-11-13,มา,,2025-11-13 09:19:23.313598+00
2546,743,2025-11-13,มา,,2025-11-13 09:19:23.313598+00
2547,728,2025-11-13,มา,,2025-11-13 09:19:23.313598+00
2548,745,2025-11-13,มา,,2025-11-13 09:19:23.313598+00
2549,747,2025-11-13,มา,,2025-11-13 09:19:23.313598+00
2550,735,2025-11-13,มา,,2025-11-13 09:19:23.313598+00
2551,729,2025-11-13,มา,,2025-11-13 09:19:23.313598+00
2552,734,2025-11-13,มา,,2025-11-13 09:19:23.313598+00
2553,746,2025-11-13,มา,,2025-11-13 09:19:23.313598+00
2554,750,2025-11-13,มา,,2025-11-13 09:19:23.313598+00
2555,751,2025-11-13,มา,,2025-11-13 09:19:23.313598+00
2556,731,2025-11-13,ลา,,2025-11-13 09:19:23.313598+00
2557,737,2025-11-13,มา,,2025-11-13 09:19:23.313598+00
2558,753,2025-11-13,มา,,2025-11-13 09:19:23.313598+00
2559,756,2025-11-13,มา,,2025-11-13 09:19:23.313598+00
2560,757,2025-11-13,มา,,2025-11-13 09:19:23.313598+00
2561,732,2025-11-13,ลา,,2025-11-13 09:19:23.313598+00
2562,752,2025-11-13,มา,,2025-11-13 09:19:23.313598+00
2563,740,2025-11-13,มา,,2025-11-13 09:19:23.313598+00
2564,730,2025-11-13,มา,,2025-11-13 09:19:23.313598+00
2565,726,2025-11-13,มา,,2025-11-13 09:19:23.313598+00
2566,736,2025-11-13,มา,,2025-11-13 09:19:23.313598+00
2567,748,2025-11-13,มา,,2025-11-13 09:19:23.313598+00
2568,744,2025-11-13,มา,,2025-11-13 09:19:23.313598+00
2569,727,2025-11-13,มา,,2025-11-13 09:19:23.313598+00
2602,758,2025-11-13,มา,,2025-11-13 09:24:54.811181+00
2603,764,2025-11-13,มา,,2025-11-13 09:24:54.811181+00
2604,765,2025-11-13,ขาด,,2025-11-13 09:24:54.811181+00
2605,766,2025-11-13,มา,,2025-11-13 09:24:54.811181+00
2606,767,2025-11-13,มา,,2025-11-13 09:24:54.811181+00
2607,768,2025-11-13,มา,,2025-11-13 09:24:54.811181+00
2608,769,2025-11-13,มา,,2025-11-13 09:24:54.811181+00
2609,770,2025-11-13,มา,,2025-11-13 09:24:54.811181+00
2610,759,2025-11-13,มา,,2025-11-13 09:24:54.811181+00
2611,771,2025-11-13,ขาด,,2025-11-13 09:24:54.811181+00
2612,772,2025-11-13,มา,,2025-11-13 09:24:54.811181+00
2613,773,2025-11-13,มา,,2025-11-13 09:24:54.811181+00
2614,774,2025-11-13,มา,,2025-11-13 09:24:54.811181+00
2615,775,2025-11-13,มา,,2025-11-13 09:24:54.811181+00
2616,760,2025-11-13,ขาด,,2025-11-13 09:24:54.811181+00
2617,776,2025-11-13,มา,,2025-11-13 09:24:54.811181+00
2618,777,2025-11-13,มา,,2025-11-13 09:24:54.811181+00
2619,778,2025-11-13,มา,,2025-11-13 09:24:54.811181+00
2620,779,2025-11-13,มา,,2025-11-13 09:24:54.811181+00
2621,780,2025-11-13,มา,,2025-11-13 09:24:54.811181+00
2622,781,2025-11-13,มา,,2025-11-13 09:24:54.811181+00
2623,782,2025-11-13,ลา,,2025-11-13 09:24:54.811181+00
2624,783,2025-11-13,มา,,2025-11-13 09:24:54.811181+00
2625,784,2025-11-13,มา,,2025-11-13 09:24:54.811181+00
2626,785,2025-11-13,ขาด,,2025-11-13 09:24:54.811181+00
2627,786,2025-11-13,มา,,2025-11-13 09:24:54.811181+00
2628,761,2025-11-13,ขาด,,2025-11-13 09:24:54.811181+00
2629,762,2025-11-13,มา,,2025-11-13 09:24:54.811181+00
2630,763,2025-11-13,มา,,2025-11-13 09:24:54.811181+00
2660,697,2025-11-14,ลา,,2025-11-14 09:14:26.588451+00
2661,706,2025-11-14,มา,,2025-11-14 09:14:26.588451+00
2662,707,2025-11-14,มา,,2025-11-14 09:14:26.588451+00
2663,708,2025-11-14,มา,,2025-11-14 09:14:26.588451+00
2664,709,2025-11-14,มา,,2025-11-14 09:14:26.588451+00
2665,710,2025-11-14,ลา,,2025-11-14 09:14:26.588451+00
2666,711,2025-11-14,มา,,2025-11-14 09:14:26.588451+00
2667,712,2025-11-14,มา,,2025-11-14 09:14:26.588451+00
2668,713,2025-11-14,มา,,2025-11-14 09:14:26.588451+00
2669,714,2025-11-14,ลา,,2025-11-14 09:14:26.588451+00
2670,698,2025-11-14,มา,,2025-11-14 09:14:26.588451+00
2671,699,2025-11-14,มา,,2025-11-14 09:14:26.588451+00
2672,700,2025-11-14,มา,,2025-11-14 09:14:26.588451+00
2673,701,2025-11-14,มา,,2025-11-14 09:14:26.588451+00
2674,702,2025-11-14,ลา,,2025-11-14 09:14:26.588451+00
2675,703,2025-11-14,มา,,2025-11-14 09:14:26.588451+00
2676,704,2025-11-14,มา,,2025-11-14 09:14:26.588451+00
2677,705,2025-11-14,มา,,2025-11-14 09:14:26.588451+00
2678,749,2025-11-14,มา,,2025-11-14 09:33:05.591987+00
2679,742,2025-11-14,มา,,2025-11-14 09:33:05.591987+00
2680,738,2025-11-14,มา,,2025-11-14 09:33:05.591987+00
2681,741,2025-11-14,มา,,2025-11-14 09:33:05.591987+00
2682,739,2025-11-14,มา,,2025-11-14 09:33:05.591987+00
2683,733,2025-11-14,มา,,2025-11-14 09:33:05.591987+00
2684,755,2025-11-14,มา,,2025-11-14 09:33:05.591987+00
2685,754,2025-11-14,มา,,2025-11-14 09:33:05.591987+00
2686,743,2025-11-14,มา,,2025-11-14 09:33:05.591987+00
2687,728,2025-11-14,มา,,2025-11-14 09:33:05.591987+00
2688,745,2025-11-14,มา,,2025-11-14 09:33:05.591987+00
2689,747,2025-11-14,มา,,2025-11-14 09:33:05.591987+00
2690,735,2025-11-14,มา,,2025-11-14 09:33:05.591987+00
2691,729,2025-11-14,มา,,2025-11-14 09:33:05.591987+00
2692,734,2025-11-14,มา,,2025-11-14 09:33:05.591987+00
2693,746,2025-11-14,มา,,2025-11-14 09:33:05.591987+00
2694,750,2025-11-14,มา,,2025-11-14 09:33:05.591987+00
2695,751,2025-11-14,มา,,2025-11-14 09:33:05.591987+00
2696,731,2025-11-14,มา,,2025-11-14 09:33:05.591987+00
2697,737,2025-11-14,มา,,2025-11-14 09:33:05.591987+00
2698,753,2025-11-14,มา,,2025-11-14 09:33:05.591987+00
2699,756,2025-11-14,มา,,2025-11-14 09:33:05.591987+00
2700,757,2025-11-14,มา,,2025-11-14 09:33:05.591987+00
2701,732,2025-11-14,มา,,2025-11-14 09:33:05.591987+00
2702,752,2025-11-14,มา,,2025-11-14 09:33:05.591987+00
2703,740,2025-11-14,มา,,2025-11-14 09:33:05.591987+00
2704,730,2025-11-14,มา,,2025-11-14 09:33:05.591987+00
2705,726,2025-11-14,มา,,2025-11-14 09:33:05.591987+00
2706,736,2025-11-14,มา,,2025-11-14 09:33:05.591987+00
2707,748,2025-11-14,มา,,2025-11-14 09:33:05.591987+00
2708,744,2025-11-14,มา,,2025-11-14 09:33:05.591987+00
2709,727,2025-11-14,มา,,2025-11-14 09:33:05.591987+00
2742,717,2025-11-14,ลา,,2025-11-14 10:03:29.725644+00
2743,718,2025-11-14,มา,,2025-11-14 10:03:29.725644+00
2744,719,2025-11-14,ลา,,2025-11-14 10:03:29.725644+00
2745,720,2025-11-14,มา,,2025-11-14 10:03:29.725644+00
2746,721,2025-11-14,ลา,,2025-11-14 10:03:29.725644+00
2747,715,2025-11-14,มา,,2025-11-14 10:03:29.725644+00
2749,723,2025-11-14,มา,,2025-11-14 10:03:29.725644+00
2750,724,2025-11-14,มา,,2025-11-14 10:03:29.725644+00
2751,725,2025-11-14,ลา,,2025-11-14 10:03:29.725644+00
2752,716,2025-11-14,มา,,2025-11-14 10:03:29.725644+00
2764,758,2025-11-14,มา,,2025-11-14 10:17:08.94214+00
2765,764,2025-11-14,ลา,,2025-11-14 10:17:08.94214+00
2766,765,2025-11-14,ลา,,2025-11-14 10:17:08.94214+00
2767,766,2025-11-14,มา,,2025-11-14 10:17:08.94214+00
2768,767,2025-11-14,ลา,,2025-11-14 10:17:08.94214+00
2769,768,2025-11-14,มา,,2025-11-14 10:17:08.94214+00
2770,769,2025-11-14,มา,,2025-11-14 10:17:08.94214+00
2771,770,2025-11-14,มา,,2025-11-14 10:17:08.94214+00
2772,759,2025-11-14,ลา,,2025-11-14 10:17:08.94214+00
2773,771,2025-11-14,ลา,,2025-11-14 10:17:08.94214+00
2774,772,2025-11-14,มา,,2025-11-14 10:17:08.94214+00
2775,773,2025-11-14,มา,,2025-11-14 10:17:08.94214+00
2776,774,2025-11-14,ลา,,2025-11-14 10:17:08.94214+00
2777,775,2025-11-14,มา,,2025-11-14 10:17:08.94214+00
2778,760,2025-11-14,มา,,2025-11-14 10:17:08.94214+00
2779,776,2025-11-14,ลา,,2025-11-14 10:17:08.94214+00
2780,777,2025-11-14,มา,,2025-11-14 10:17:08.94214+00
2781,778,2025-11-14,มา,,2025-11-14 10:17:08.94214+00
2782,779,2025-11-14,ลา,,2025-11-14 10:17:08.94214+00
2783,780,2025-11-14,มา,,2025-11-14 10:17:08.94214+00
2784,781,2025-11-14,มา,,2025-11-14 10:17:08.94214+00
2785,782,2025-11-14,มา,,2025-11-14 10:17:08.94214+00
2786,783,2025-11-14,ลา,,2025-11-14 10:17:08.94214+00
2787,784,2025-11-14,มา,,2025-11-14 10:17:08.94214+00
2788,785,2025-11-14,ลา,,2025-11-14 10:17:08.94214+00
2789,786,2025-11-14,มา,,2025-11-14 10:17:08.94214+00
2790,761,2025-11-14,ลา,,2025-11-14 10:17:08.94214+00
2791,762,2025-11-14,ลา,,2025-11-14 10:17:08.94214+00
2792,763,2025-11-14,ลา,,2025-11-14 10:17:08.94214+00
2793,697,2025-11-17,มา,,2025-11-17 09:08:07.421831+00
2794,706,2025-11-17,มา,,2025-11-17 09:08:07.421831+00
2795,707,2025-11-17,มา,,2025-11-17 09:08:07.421831+00
2796,708,2025-11-17,มา,,2025-11-17 09:08:07.421831+00
2797,709,2025-11-17,ลา,,2025-11-17 09:08:07.421831+00
2798,710,2025-11-17,มา,,2025-11-17 09:08:07.421831+00
2799,711,2025-11-17,มา,,2025-11-17 09:08:07.421831+00
2800,712,2025-11-17,มา,,2025-11-17 09:08:07.421831+00
2801,713,2025-11-17,ลา,,2025-11-17 09:08:07.421831+00
2802,714,2025-11-17,มา,,2025-11-17 09:08:07.421831+00
2803,698,2025-11-17,มา,,2025-11-17 09:08:07.421831+00
2804,699,2025-11-17,มา,,2025-11-17 09:08:07.421831+00
2805,700,2025-11-17,มา,,2025-11-17 09:08:07.421831+00
2806,701,2025-11-17,มา,,2025-11-17 09:08:07.421831+00
2807,702,2025-11-17,มา,,2025-11-17 09:08:07.421831+00
2808,703,2025-11-17,มา,,2025-11-17 09:08:07.421831+00
2809,704,2025-11-17,ลา,,2025-11-17 09:08:07.421831+00
2810,705,2025-11-17,มา,,2025-11-17 09:08:07.421831+00
2811,749,2025-11-17,มา,,2025-11-17 09:14:46.407634+00
2812,742,2025-11-17,มา,,2025-11-17 09:14:46.407634+00
2813,738,2025-11-17,มา,,2025-11-17 09:14:46.407634+00
2814,741,2025-11-17,มา,,2025-11-17 09:14:46.407634+00
2815,739,2025-11-17,มา,,2025-11-17 09:14:46.407634+00
2816,733,2025-11-17,มา,,2025-11-17 09:14:46.407634+00
2817,755,2025-11-17,มา,,2025-11-17 09:14:46.407634+00
2818,754,2025-11-17,มา,,2025-11-17 09:14:46.407634+00
2819,743,2025-11-17,มา,,2025-11-17 09:14:46.407634+00
2820,728,2025-11-17,มา,,2025-11-17 09:14:46.407634+00
2821,745,2025-11-17,มา,,2025-11-17 09:14:46.407634+00
2822,747,2025-11-17,ลา,,2025-11-17 09:14:46.407634+00
2823,735,2025-11-17,มา,,2025-11-17 09:14:46.407634+00
2824,729,2025-11-17,มา,,2025-11-17 09:14:46.407634+00
2825,734,2025-11-17,มา,,2025-11-17 09:14:46.407634+00
2826,746,2025-11-17,มา,,2025-11-17 09:14:46.407634+00
2827,750,2025-11-17,มา,,2025-11-17 09:14:46.407634+00
2828,751,2025-11-17,มา,,2025-11-17 09:14:46.407634+00
2829,731,2025-11-17,มา,,2025-11-17 09:14:46.407634+00
2830,737,2025-11-17,มา,,2025-11-17 09:14:46.407634+00
2831,753,2025-11-17,ลา,,2025-11-17 09:14:46.407634+00
2832,756,2025-11-17,มา,,2025-11-17 09:14:46.407634+00
2833,757,2025-11-17,มา,,2025-11-17 09:14:46.407634+00
2834,732,2025-11-17,มา,,2025-11-17 09:14:46.407634+00
2835,752,2025-11-17,มา,,2025-11-17 09:14:46.407634+00
2836,740,2025-11-17,มา,,2025-11-17 09:14:46.407634+00
2837,730,2025-11-17,มา,,2025-11-17 09:14:46.407634+00
2838,726,2025-11-17,มา,,2025-11-17 09:14:46.407634+00
2839,736,2025-11-17,มา,,2025-11-17 09:14:46.407634+00
2840,748,2025-11-17,มา,,2025-11-17 09:14:46.407634+00
2841,744,2025-11-17,มา,,2025-11-17 09:14:46.407634+00
2842,727,2025-11-17,มา,,2025-11-17 09:14:46.407634+00
2843,758,2025-11-17,มา,,2025-11-17 09:24:15.758448+00
2844,764,2025-11-17,มา,,2025-11-17 09:24:15.758448+00
2845,765,2025-11-17,มา,,2025-11-17 09:24:15.758448+00
2846,766,2025-11-17,มา,,2025-11-17 09:24:15.758448+00
2847,767,2025-11-17,มา,,2025-11-17 09:24:15.758448+00
2848,768,2025-11-17,มา,,2025-11-17 09:24:15.758448+00
2849,769,2025-11-17,มา,,2025-11-17 09:24:15.758448+00
2850,770,2025-11-17,มา,,2025-11-17 09:24:15.758448+00
2851,759,2025-11-17,มา,,2025-11-17 09:24:15.758448+00
2852,771,2025-11-17,มา,,2025-11-17 09:24:15.758448+00
2853,772,2025-11-17,มา,,2025-11-17 09:24:15.758448+00
2854,773,2025-11-17,มา,,2025-11-17 09:24:15.758448+00
2855,774,2025-11-17,มา,,2025-11-17 09:24:15.758448+00
2856,775,2025-11-17,มา,,2025-11-17 09:24:15.758448+00
2857,760,2025-11-17,มา,,2025-11-17 09:24:15.758448+00
2858,776,2025-11-17,มา,,2025-11-17 09:24:15.758448+00
2859,777,2025-11-17,มา,,2025-11-17 09:24:15.758448+00
2860,778,2025-11-17,มา,,2025-11-17 09:24:15.758448+00
2861,779,2025-11-17,มา,,2025-11-17 09:24:15.758448+00
2862,780,2025-11-17,มา,,2025-11-17 09:24:15.758448+00
2863,781,2025-11-17,มา,,2025-11-17 09:24:15.758448+00
2864,782,2025-11-17,มา,,2025-11-17 09:24:15.758448+00
2865,783,2025-11-17,มา,,2025-11-17 09:24:15.758448+00
2866,784,2025-11-17,มา,,2025-11-17 09:24:15.758448+00
2867,785,2025-11-17,มา,,2025-11-17 09:24:15.758448+00
2868,786,2025-11-17,มา,,2025-11-17 09:24:15.758448+00
2869,761,2025-11-17,มา,,2025-11-17 09:24:15.758448+00
2870,762,2025-11-17,มา,,2025-11-17 09:24:15.758448+00
2871,763,2025-11-17,มา,,2025-11-17 09:24:15.758448+00
2872,717,2025-11-17,มา,,2025-11-17 09:32:38.353128+00
2873,718,2025-11-17,มา,,2025-11-17 09:32:38.353128+00
2874,719,2025-11-17,มา,,2025-11-17 09:32:38.353128+00
2875,720,2025-11-17,มา,,2025-11-17 09:32:38.353128+00
2876,721,2025-11-17,มา,,2025-11-17 09:32:38.353128+00
2877,715,2025-11-17,มา,,2025-11-17 09:32:38.353128+00
2879,723,2025-11-17,ขาด,,2025-11-17 09:32:38.353128+00
2880,724,2025-11-17,ลา,,2025-11-17 09:32:38.353128+00
2881,725,2025-11-17,มา,,2025-11-17 09:32:38.353128+00
2882,716,2025-11-17,มา,,2025-11-17 09:32:38.353128+00
3070,758,2025-11-19,มา,,2025-11-19 08:22:55.519505+00
3071,764,2025-11-19,มา,,2025-11-19 08:22:55.519505+00
3072,765,2025-11-19,มา,,2025-11-19 08:22:55.519505+00
3073,766,2025-11-19,มา,,2025-11-19 08:22:55.519505+00
3074,767,2025-11-19,มา,,2025-11-19 08:22:55.519505+00
3075,768,2025-11-19,มา,,2025-11-19 08:22:55.519505+00
3076,769,2025-11-19,มา,,2025-11-19 08:22:55.519505+00
3077,770,2025-11-19,มา,,2025-11-19 08:22:55.519505+00
3078,759,2025-11-19,มา,,2025-11-19 08:22:55.519505+00
3079,771,2025-11-19,ลา,,2025-11-19 08:22:55.519505+00
3080,772,2025-11-19,มา,,2025-11-19 08:22:55.519505+00
3081,773,2025-11-19,มา,,2025-11-19 08:22:55.519505+00
3082,774,2025-11-19,มา,,2025-11-19 08:22:55.519505+00
3083,775,2025-11-19,มา,,2025-11-19 08:22:55.519505+00
3084,760,2025-11-19,ขาด,,2025-11-19 08:22:55.519505+00
3085,776,2025-11-19,มา,,2025-11-19 08:22:55.519505+00
3086,777,2025-11-19,มา,,2025-11-19 08:22:55.519505+00
3087,778,2025-11-19,มา,,2025-11-19 08:22:55.519505+00
3088,779,2025-11-19,มา,,2025-11-19 08:22:55.519505+00
3089,780,2025-11-19,มา,,2025-11-19 08:22:55.519505+00
3090,781,2025-11-19,มา,,2025-11-19 08:22:55.519505+00
3091,782,2025-11-19,มา,,2025-11-19 08:22:55.519505+00
3092,783,2025-11-19,มา,,2025-11-19 08:22:55.519505+00
3093,784,2025-11-19,มา,,2025-11-19 08:22:55.519505+00
3094,785,2025-11-19,มา,,2025-11-19 08:22:55.519505+00
3095,786,2025-11-19,มา,,2025-11-19 08:22:55.519505+00
3096,761,2025-11-19,มา,,2025-11-19 08:22:55.519505+00
3097,762,2025-11-19,มา,,2025-11-19 08:22:55.519505+00
3098,763,2025-11-19,มา,,2025-11-19 08:22:55.519505+00
3099,697,2025-11-19,มา,,2025-11-19 09:10:24.154555+00
3100,706,2025-11-19,มา,,2025-11-19 09:10:24.154555+00
3101,707,2025-11-19,มา,,2025-11-19 09:10:24.154555+00
3102,708,2025-11-19,มา,,2025-11-19 09:10:24.154555+00
3103,709,2025-11-19,มา,,2025-11-19 09:10:24.154555+00
3104,710,2025-11-19,มา,,2025-11-19 09:10:24.154555+00
3105,711,2025-11-19,มา,,2025-11-19 09:10:24.154555+00
3106,712,2025-11-19,มา,,2025-11-19 09:10:24.154555+00
3107,713,2025-11-19,มา,,2025-11-19 09:10:24.154555+00
3108,714,2025-11-19,มา,,2025-11-19 09:10:24.154555+00
3109,698,2025-11-19,มา,,2025-11-19 09:10:24.154555+00
3110,699,2025-11-19,มา,,2025-11-19 09:10:24.154555+00
3111,700,2025-11-19,มา,,2025-11-19 09:10:24.154555+00
3112,701,2025-11-19,มา,,2025-11-19 09:10:24.154555+00
3113,702,2025-11-19,มา,,2025-11-19 09:10:24.154555+00
3114,703,2025-11-19,มา,,2025-11-19 09:10:24.154555+00
3115,704,2025-11-19,มา,,2025-11-19 09:10:24.154555+00
3116,705,2025-11-19,มา,,2025-11-19 09:10:24.154555+00
3231,749,2025-11-21,มา,,2025-11-21 10:02:30.930058+00
3232,742,2025-11-21,มา,,2025-11-21 10:02:30.930058+00
3233,738,2025-11-21,มา,,2025-11-21 10:02:30.930058+00
3234,741,2025-11-21,มา,,2025-11-21 10:02:30.930058+00
3235,739,2025-11-21,มา,,2025-11-21 10:02:30.930058+00
3236,733,2025-11-21,มา,,2025-11-21 10:02:30.930058+00
3237,755,2025-11-21,มา,,2025-11-21 10:02:30.930058+00
3238,754,2025-11-21,มา,,2025-11-21 10:02:30.930058+00
3239,743,2025-11-21,มา,,2025-11-21 10:02:30.930058+00
3240,728,2025-11-21,มา,,2025-11-21 10:02:30.930058+00
3241,745,2025-11-21,มา,,2025-11-21 10:02:30.930058+00
3242,747,2025-11-21,มา,,2025-11-21 10:02:30.930058+00
3243,735,2025-11-21,มา,,2025-11-21 10:02:30.930058+00
3244,729,2025-11-21,มา,,2025-11-21 10:02:30.930058+00
3245,734,2025-11-21,มา,,2025-11-21 10:02:30.930058+00
3246,746,2025-11-21,มา,,2025-11-21 10:02:30.930058+00
3247,750,2025-11-21,มา,,2025-11-21 10:02:30.930058+00
3248,751,2025-11-21,มา,,2025-11-21 10:02:30.930058+00
3249,731,2025-11-21,มา,,2025-11-21 10:02:30.930058+00
3250,737,2025-11-21,มา,,2025-11-21 10:02:30.930058+00
3251,753,2025-11-21,มา,,2025-11-21 10:02:30.930058+00
3252,756,2025-11-21,มา,,2025-11-21 10:02:30.930058+00
3253,757,2025-11-21,มา,,2025-11-21 10:02:30.930058+00
3254,732,2025-11-21,มา,,2025-11-21 10:02:30.930058+00
3255,752,2025-11-21,มา,,2025-11-21 10:02:30.930058+00
3256,740,2025-11-21,มา,,2025-11-21 10:02:30.930058+00
3257,730,2025-11-21,มา,,2025-11-21 10:02:30.930058+00
3258,726,2025-11-21,มา,,2025-11-21 10:02:30.930058+00
3259,736,2025-11-21,มา,,2025-11-21 10:02:30.930058+00
3260,748,2025-11-21,มา,,2025-11-21 10:02:30.930058+00
3261,744,2025-11-21,มา,,2025-11-21 10:02:30.930058+00
3262,727,2025-11-21,มา,,2025-11-21 10:02:30.930058+00
3135,749,2025-11-19,มา,,2025-11-19 09:35:23.652961+00
3136,742,2025-11-19,มา,,2025-11-19 09:35:23.652961+00
3137,738,2025-11-19,มา,,2025-11-19 09:35:23.652961+00
3138,741,2025-11-19,มา,,2025-11-19 09:35:23.652961+00
3139,739,2025-11-19,มา,,2025-11-19 09:35:23.652961+00
3140,733,2025-11-19,มา,,2025-11-19 09:35:23.652961+00
3141,755,2025-11-19,มา,,2025-11-19 09:35:23.652961+00
3142,754,2025-11-19,มา,,2025-11-19 09:35:23.652961+00
3143,743,2025-11-19,มา,,2025-11-19 09:35:23.652961+00
3144,728,2025-11-19,มา,,2025-11-19 09:35:23.652961+00
3145,745,2025-11-19,มา,,2025-11-19 09:35:23.652961+00
3146,747,2025-11-19,มา,,2025-11-19 09:35:23.652961+00
3147,735,2025-11-19,มา,,2025-11-19 09:35:23.652961+00
3148,729,2025-11-19,มา,,2025-11-19 09:35:23.652961+00
3149,734,2025-11-19,มา,,2025-11-19 09:35:23.652961+00
3150,746,2025-11-19,มา,,2025-11-19 09:35:23.652961+00
3151,750,2025-11-19,มา,,2025-11-19 09:35:23.652961+00
3152,751,2025-11-19,มา,,2025-11-19 09:35:23.652961+00
3153,731,2025-11-19,มา,,2025-11-19 09:35:23.652961+00
3154,737,2025-11-19,มา,,2025-11-19 09:35:23.652961+00
3155,753,2025-11-19,มา,,2025-11-19 09:35:23.652961+00
3156,756,2025-11-19,มา,,2025-11-19 09:35:23.652961+00
3157,757,2025-11-19,มา,,2025-11-19 09:35:23.652961+00
3158,732,2025-11-19,มา,,2025-11-19 09:35:23.652961+00
3159,752,2025-11-19,มา,,2025-11-19 09:35:23.652961+00
3160,740,2025-11-19,มา,,2025-11-19 09:35:23.652961+00
3161,730,2025-11-19,มา,,2025-11-19 09:35:23.652961+00
3162,726,2025-11-19,มา,,2025-11-19 09:35:23.652961+00
3163,736,2025-11-19,มา,,2025-11-19 09:35:23.652961+00
3164,748,2025-11-19,มา,,2025-11-19 09:35:23.652961+00
3165,744,2025-11-19,มา,,2025-11-19 09:35:23.652961+00
3166,727,2025-11-19,มา,,2025-11-19 09:35:23.652961+00
3276,758,2025-11-22,ลา,,2025-11-22 04:21:41.480866+00
3301,764,2025-11-22,มา,,2025-11-22 08:04:09.736708+00
3302,765,2025-11-22,ขาด,,2025-11-22 08:04:09.736708+00
3303,766,2025-11-22,มา,,2025-11-22 08:04:09.736708+00
3263,767,2025-11-22,มา,,2025-11-22 04:19:48.67836+00
3305,768,2025-11-22,ลา,,2025-11-22 08:04:09.736708+00
3264,769,2025-11-22,มา,,2025-11-22 04:19:48.67836+00
3265,770,2025-11-22,มา,,2025-11-22 04:19:48.67836+00
3266,759,2025-11-22,มา,,2025-11-22 04:19:48.67836+00
3309,771,2025-11-22,ขาด,,2025-11-22 08:04:09.736708+00
3267,772,2025-11-22,มา,,2025-11-22 04:19:48.67836+00
3290,717,2025-11-22,ลา,,2025-11-22 04:40:32.246442+00
3291,718,2025-11-22,มา,,2025-11-22 04:40:32.246442+00
3292,719,2025-11-22,ลา,,2025-11-22 04:40:32.246442+00
3293,721,2025-11-22,ลา,,2025-11-22 04:40:32.246442+00
3294,715,2025-11-22,ลา,,2025-11-22 04:40:32.246442+00
3296,723,2025-11-22,ลา,,2025-11-22 04:40:32.246442+00
3297,724,2025-11-22,ลา,,2025-11-22 04:40:32.246442+00
3298,725,2025-11-22,ลา,,2025-11-22 04:40:32.246442+00
3299,716,2025-11-22,มา,,2025-11-22 04:40:32.246442+00
3311,773,2025-11-22,ขาด,,2025-11-22 08:04:09.736708+00
3268,774,2025-11-22,มา,,2025-11-22 04:19:48.67836+00
3269,775,2025-11-22,มา,,2025-11-22 04:19:48.67836+00
3270,760,2025-11-22,มา,,2025-11-22 04:19:48.67836+00
3315,776,2025-11-22,ขาด,,2025-11-22 08:04:09.736708+00
3316,777,2025-11-22,มา,,2025-11-22 08:04:09.736708+00
3271,778,2025-11-22,มา,,2025-11-22 04:19:48.67836+00
3318,779,2025-11-22,ลา,,2025-11-22 08:04:09.736708+00
3319,780,2025-11-22,มา,,2025-11-22 08:04:09.736708+00
3320,781,2025-11-22,มา,,2025-11-22 08:04:09.736708+00
3272,782,2025-11-22,มา,,2025-11-22 04:19:48.67836+00
3322,783,2025-11-22,มา,,2025-11-22 08:04:09.736708+00
3323,784,2025-11-22,มา,,2025-11-22 08:04:09.736708+00
3273,785,2025-11-22,มา,,2025-11-22 04:19:48.67836+00
3274,786,2025-11-22,มา,,2025-11-22 04:19:48.67836+00
3326,761,2025-11-22,ขาด,,2025-11-22 08:04:09.736708+00
3275,762,2025-11-22,มา,,2025-11-22 04:19:48.67836+00
3328,763,2025-11-22,มา,,2025-11-22 08:04:09.736708+00
3358,749,2025-11-24,มา,,2025-11-24 07:44:50.290759+00
3359,742,2025-11-24,มา,,2025-11-24 07:44:50.290759+00
3360,738,2025-11-24,มา,,2025-11-24 07:44:50.290759+00
3361,741,2025-11-24,มา,,2025-11-24 07:44:50.290759+00
3362,739,2025-11-24,มา,,2025-11-24 07:44:50.290759+00
3363,733,2025-11-24,มา,,2025-11-24 07:44:50.290759+00
3364,755,2025-11-24,มา,,2025-11-24 07:44:50.290759+00
3365,754,2025-11-24,มา,,2025-11-24 07:44:50.290759+00
3366,743,2025-11-24,ลา,,2025-11-24 07:44:50.290759+00
3367,728,2025-11-24,มา,,2025-11-24 07:44:50.290759+00
3368,745,2025-11-24,มา,,2025-11-24 07:44:50.290759+00
3369,747,2025-11-24,มา,,2025-11-24 07:44:50.290759+00
3370,735,2025-11-24,มา,,2025-11-24 07:44:50.290759+00
3371,729,2025-11-24,มา,,2025-11-24 07:44:50.290759+00
3372,734,2025-11-24,มา,,2025-11-24 07:44:50.290759+00
3373,746,2025-11-24,มา,,2025-11-24 07:44:50.290759+00
3374,750,2025-11-24,มา,,2025-11-24 07:44:50.290759+00
3375,751,2025-11-24,มา,,2025-11-24 07:44:50.290759+00
3376,731,2025-11-24,มา,,2025-11-24 07:44:50.290759+00
3377,737,2025-11-24,มา,,2025-11-24 07:44:50.290759+00
3378,753,2025-11-24,มา,,2025-11-24 07:44:50.290759+00
3379,756,2025-11-24,มา,,2025-11-24 07:44:50.290759+00
3380,757,2025-11-24,มา,,2025-11-24 07:44:50.290759+00
3381,732,2025-11-24,มา,,2025-11-24 07:44:50.290759+00
3382,752,2025-11-24,มา,,2025-11-24 07:44:50.290759+00
3383,740,2025-11-24,มา,,2025-11-24 07:44:50.290759+00
3384,730,2025-11-24,มา,,2025-11-24 07:44:50.290759+00
3385,726,2025-11-24,มา,,2025-11-24 07:44:50.290759+00
3386,736,2025-11-24,มา,,2025-11-24 07:44:50.290759+00
3387,748,2025-11-24,มา,,2025-11-24 07:44:50.290759+00
3388,744,2025-11-24,มา,,2025-11-24 07:44:50.290759+00
3389,727,2025-11-24,มา,,2025-11-24 07:44:50.290759+00
3390,697,2025-11-24,มา,,2025-11-24 07:50:10.637182+00
3391,706,2025-11-24,มา,,2025-11-24 07:50:10.637182+00
3392,707,2025-11-24,มา,,2025-11-24 07:50:10.637182+00
3393,708,2025-11-24,มา,,2025-11-24 07:50:10.637182+00
3394,709,2025-11-24,มา,,2025-11-24 07:50:10.637182+00
3395,710,2025-11-24,มา,,2025-11-24 07:50:10.637182+00
3396,711,2025-11-24,มา,,2025-11-24 07:50:10.637182+00
3397,712,2025-11-24,มา,,2025-11-24 07:50:10.637182+00
3398,713,2025-11-24,ลา,,2025-11-24 07:50:10.637182+00
3399,714,2025-11-24,มา,,2025-11-24 07:50:10.637182+00
3400,698,2025-11-24,มา,,2025-11-24 07:50:10.637182+00
3401,699,2025-11-24,มา,,2025-11-24 07:50:10.637182+00
3402,700,2025-11-24,มา,,2025-11-24 07:50:10.637182+00
3403,701,2025-11-24,มา,,2025-11-24 07:50:10.637182+00
3404,702,2025-11-24,มา,,2025-11-24 07:50:10.637182+00
3405,703,2025-11-24,มา,,2025-11-24 07:50:10.637182+00
3406,704,2025-11-24,มา,,2025-11-24 07:50:10.637182+00
3407,705,2025-11-24,มา,,2025-11-24 07:50:10.637182+00
3408,758,2025-11-24,มา,,2025-11-24 09:20:09.365629+00
3409,764,2025-11-24,มา,,2025-11-24 09:20:09.365629+00
3410,765,2025-11-24,มา,,2025-11-24 09:20:09.365629+00
3411,766,2025-11-24,มา,,2025-11-24 09:20:09.365629+00
3412,767,2025-11-24,มา,,2025-11-24 09:20:09.365629+00
3413,768,2025-11-24,มา,,2025-11-24 09:20:09.365629+00
3414,769,2025-11-24,มา,,2025-11-24 09:20:09.365629+00
3415,770,2025-11-24,มา,,2025-11-24 09:20:09.365629+00
3416,759,2025-11-24,มา,,2025-11-24 09:20:09.365629+00
3417,771,2025-11-24,มา,,2025-11-24 09:20:09.365629+00
3418,772,2025-11-24,มา,,2025-11-24 09:20:09.365629+00
3419,773,2025-11-24,ลา,,2025-11-24 09:20:09.365629+00
3420,774,2025-11-24,มา,,2025-11-24 09:20:09.365629+00
3421,775,2025-11-24,มา,,2025-11-24 09:20:09.365629+00
3422,760,2025-11-24,มา,,2025-11-24 09:20:09.365629+00
3423,776,2025-11-24,มา,,2025-11-24 09:20:09.365629+00
3424,777,2025-11-24,มา,,2025-11-24 09:20:09.365629+00
3425,778,2025-11-24,มา,,2025-11-24 09:20:09.365629+00
3426,779,2025-11-24,มา,,2025-11-24 09:20:09.365629+00
3427,780,2025-11-24,มา,,2025-11-24 09:20:09.365629+00
3428,781,2025-11-24,มา,,2025-11-24 09:20:09.365629+00
3429,782,2025-11-24,มา,,2025-11-24 09:20:09.365629+00
3430,783,2025-11-24,มา,,2025-11-24 09:20:09.365629+00
3431,784,2025-11-24,มา,,2025-11-24 09:20:09.365629+00
3432,785,2025-11-24,มา,,2025-11-24 09:20:09.365629+00
3433,786,2025-11-24,มา,,2025-11-24 09:20:09.365629+00
3434,761,2025-11-24,มา,,2025-11-24 09:20:09.365629+00
3435,762,2025-11-24,มา,,2025-11-24 09:20:09.365629+00
3436,763,2025-11-24,มา,,2025-11-24 09:20:09.365629+00
3455,717,2025-11-26,มา,,2025-11-26 02:43:53.742179+00
3456,718,2025-11-26,มา,,2025-11-26 02:43:53.742179+00
3457,719,2025-11-26,มา,,2025-11-26 02:43:53.742179+00
3466,758,2025-11-26,มา,,2025-11-26 02:45:24.137617+00
3467,764,2025-11-26,มา,,2025-11-26 02:45:24.137617+00
3468,765,2025-11-26,มา,,2025-11-26 02:45:24.137617+00
3469,766,2025-11-26,มา,,2025-11-26 02:45:24.137617+00
3470,767,2025-11-26,มา,,2025-11-26 02:45:24.137617+00
3471,768,2025-11-26,มา,,2025-11-26 02:45:24.137617+00
3472,769,2025-11-26,มา,,2025-11-26 02:45:24.137617+00
3473,770,2025-11-26,มา,,2025-11-26 02:45:24.137617+00
3474,759,2025-11-26,มา,,2025-11-26 02:45:24.137617+00
3475,771,2025-11-26,มา,,2025-11-26 02:45:24.137617+00
3476,772,2025-11-26,มา,,2025-11-26 02:45:24.137617+00
3477,773,2025-11-26,มา,,2025-11-26 02:45:24.137617+00
3478,774,2025-11-26,มา,,2025-11-26 02:45:24.137617+00
3479,775,2025-11-26,มา,,2025-11-26 02:45:24.137617+00
3480,760,2025-11-26,มา,,2025-11-26 02:45:24.137617+00
3481,776,2025-11-26,มา,,2025-11-26 02:45:24.137617+00
3482,777,2025-11-26,มา,,2025-11-26 02:45:24.137617+00
3483,778,2025-11-26,มา,,2025-11-26 02:45:24.137617+00
3484,779,2025-11-26,มา,,2025-11-26 02:45:24.137617+00
3485,780,2025-11-26,มา,,2025-11-26 02:45:24.137617+00
3486,781,2025-11-26,มา,,2025-11-26 02:45:24.137617+00
3487,782,2025-11-26,มา,,2025-11-26 02:45:24.137617+00
3488,783,2025-11-26,มา,,2025-11-26 02:45:24.137617+00
3489,784,2025-11-26,มา,,2025-11-26 02:45:24.137617+00
3490,785,2025-11-26,มา,,2025-11-26 02:45:24.137617+00
3491,786,2025-11-26,มา,,2025-11-26 02:45:24.137617+00
3492,761,2025-11-26,มา,,2025-11-26 02:45:24.137617+00
3493,762,2025-11-26,มา,,2025-11-26 02:45:24.137617+00
3494,763,2025-11-26,มา,,2025-11-26 02:45:24.137617+00
3571,720,2025-11-26,มา,,2025-11-26 02:50:04.886612+00
3459,721,2025-11-26,มา,,2025-11-26 02:43:53.742179+00
3460,715,2025-11-26,มา,,2025-11-26 02:43:53.742179+00
3574,725,2025-11-26,มา,,2025-11-26 02:50:04.886612+00
3465,716,2025-11-26,มา,,2025-11-26 02:43:53.742179+00
3603,697,2025-11-27,มา,,2025-11-27 02:03:26.074452+00
3604,706,2025-11-27,มา,,2025-11-27 02:03:26.074452+00
3605,707,2025-11-27,มา,,2025-11-27 02:03:26.074452+00
3606,708,2025-11-27,มา,,2025-11-27 02:03:26.074452+00
3607,709,2025-11-27,มา,,2025-11-27 02:03:26.074452+00
3608,710,2025-11-27,มา,,2025-11-27 02:03:26.074452+00
3609,711,2025-11-27,มา,,2025-11-27 02:03:26.074452+00
3610,712,2025-11-27,มา,,2025-11-27 02:03:26.074452+00
3611,713,2025-11-27,มา,,2025-11-27 02:03:26.074452+00
3612,714,2025-11-27,มา,,2025-11-27 02:03:26.074452+00
3613,698,2025-11-27,มา,,2025-11-27 02:03:26.074452+00
3614,699,2025-11-27,มา,,2025-11-27 02:03:26.074452+00
3615,700,2025-11-27,มา,,2025-11-27 02:03:26.074452+00
3616,701,2025-11-27,มา,,2025-11-27 02:03:26.074452+00
3617,702,2025-11-27,มา,,2025-11-27 02:03:26.074452+00
3618,703,2025-11-27,มา,,2025-11-27 02:03:26.074452+00
3619,705,2025-11-27,มา,,2025-11-27 02:03:26.074452+00
